년,월,국적지역,등록외국인 수
2022,01,중국,169770
2022,01,한국계중국인,251893
2022,01,베트남,178178
2022,01,우즈베키스탄,44026
2022,01,필리핀,38001
2022,01,캄보디아,40276
2022,01,네팔,35536
2022,01,인도네시아,30681
2022,01,태국,31577
2022,01,미얀마,24333
2022,01,미국,29082
2022,01,몽골,24060
2022,01,일본,24564
2022,01,스리랑카,19016
2022,01,타이완,17572
2022,01,카자흐스탄,14133
2022,01,방글라데시,13266
2022,01,러시아연방,13933
2022,01,파키스탄,10187
2022,01,인도,10039
2022,01,키르기즈,4265
2022,01,영국,4651
2022,01,캐나다,4203
2022,01,말레이시아,3321
2022,01,프랑스,3145
2022,01,우크라이나,2500
2022,01,이집트,2502
2022,01,남아프리카공화국,2477
2022,01,나이지리아,2421
2022,01,티모르민주공화국,2239
2022,01,독일,2199
2022,01,홍콩,1868
2022,01,오스트레일리아,1656
2022,01,시리아,1518
2022,01,터키,1497
2022,01,가나,1094
2022,01,모로코,1280
2022,01,이란,1163
2022,01,라오스,1148
2022,01,예멘공화국,1062
2022,01,사우디아라비아,810
2022,01,에티오피아,1000
2022,01,이탈리아,830
2022,01,카메룬,837
2022,01,브라질,976
2022,01,뉴질랜드,672
2022,01,스페인,848
2022,01,싱가포르,658
2022,01,네덜란드,474
2022,01,아일랜드,608
2022,01,멕시코,650
2022,01,아랍에미리트연합,301
2022,01,타지키스탄,604
2022,01,라이베리아,469
2022,01,우간다,470
2022,01,알제리,421
2022,01,스웨덴,411
2022,01,리비아,515
2022,01,폴란드,422
2022,01,콜롬비아,439
2022,01,케냐,373
2022,01,세네갈,303
2022,01,페루,398
2022,01,아프가니스탄,777
2022,01,벨기에,357
2022,01,이라크,383
2022,01,요르단,408
2022,01,투르크메니스탄,242
2022,01,튀니지,273
2022,01,노르웨이,239
2022,01,기니,264
2022,01,수단,258
2022,01,탄자니아,280
2022,01,스위스,297
2022,01,르완다,255
2022,01,에콰도르,213
2022,01,덴마크,207
2022,01,벨로루시,221
2022,01,콩고민주공화국,240
2022,01,그리스,211
2022,01,말리,201
2022,01,오스트리아,184
2022,01,루마니아,225
2022,01,아제르바이잔,216
2022,01,핀란드,176
2022,01,칠레,186
2022,01,헝가리,162
2022,01,베네수엘라,147
2022,01,코트디부아르,166
2022,01,이스라엘,171
2022,01,앙골라,136
2022,01,포르투갈,139
2022,01,감비아,123
2022,01,체코,114
2022,01,불가리아,128
2022,01,아르헨티나,156
2022,01,무국적,100
2022,01,부룬디,132
2022,01,마카오,79
2022,01,짐바브웨,93
2022,01,잠비아,86
2022,01,리투아니아,89
2022,01,쿠웨이트,50
2022,01,파라과이,79
2022,01,과테말라,67
2022,01,시에라리온,76
2022,01,볼리비아,57
2022,01,도미니카공화국,61
2022,01,브루나이,56
2022,01,가봉,72
2022,01,피지,42
2022,01,아르메니아,68
2022,01,크로아티아,71
2022,01,엘살바도르,50
2022,01,파나마,69
2022,01,모잠비크,57
2022,01,팔레스타인,57
2022,01,조지아,73
2022,01,코스타리카,63
2022,01,슬로바크,65
2022,01,미등록국가,37
2022,01,토고,43
2022,01,영국외지민,67
2022,01,세르비아,62
2022,01,온두라스,41
2022,01,부르키나파소,43
2022,01,자메이카,36
2022,01,몰도바,43
2022,01,라트비아,63
2022,01,쿠바,33
2022,01,슬로베니아,39
2022,01,오만,32
2022,01,레바논,33
2022,01,에스토니아,36
2022,01,부탄,36
2022,01,아이티,32
2022,01,마다가스카르,28
2022,01,니카라과,35
2022,01,베냉,14
2022,01,우루과이,29
2022,01,콩고,21
2022,01,국제연합,34
2022,01,보츠와나,17
2022,01,말라위,23
2022,01,카타르,37
2022,01,알바니아,24
2022,01,모리셔스,10
2022,01,트리니다드토바고,19
2022,01,키리바시,1
2022,01,룩셈부르크,17
2022,01,기니비사우,20
2022,01,바레인,7
2022,01,키프로스,19
2022,01,에스와티니,12
2022,01,소말리아,18
2022,01,남수단공화국,27
2022,01,차드,12
2022,01,에리트레아,12
2022,01,아이슬란드,9
2022,01,세인트크리스토퍼네비스,9
2022,01,모리타니,9
2022,01,솔로몬군도,3
2022,01,마케도니아,12
2022,01,중앙아프리카공화국,6
2022,01,보스니아헤르체고비나,8
2022,01,몰타,7
2022,01,니제르,7
2022,01,적도기니,8
2022,01,바하마,4
2022,01,몬테네그로,9
2022,01,코소보,2
2022,01,바누아투,6
2022,01,레소토,4
2022,01,코모로,1
2022,01,몰디브,2
2022,01,팔라우,2
2022,01,벨리즈,4
2022,01,도미니카연방,7
2022,01,나미비아,2
2022,01,파푸아뉴기니,5
2022,01,통가,1
2022,01,바베이도스,3
2022,01,나우루,2
2022,01,지부티,1
2022,01,안도라,1
2022,01,수리남,2
2022,01,세인트루시아,2
2022,01,세이셸,2
2022,01,가이아나,4
2022,01,교황청,2
2022,01,마샬군도,1
2022,01,영국속령지시민,1
2022,01,영국외지시민,1
2022,01,홍콩거주난민,1
2022,02,중국,168343
2022,02,한국계중국인,250391
2022,02,베트남,176696
2022,02,우즈베키스탄,43427
2022,02,필리핀,37957
2022,02,캄보디아,40449
2022,02,네팔,35658
2022,02,인도네시아,31055
2022,02,태국,31761
2022,02,미얀마,24440
2022,02,미국,29427
2022,02,몽골,24181
2022,02,일본,24109
2022,02,스리랑카,19100
2022,02,타이완,17537
2022,02,카자흐스탄,13719
2022,02,방글라데시,13349
2022,02,러시아연방,13855
2022,02,파키스탄,10202
2022,02,인도,10098
2022,02,키르기즈,4295
2022,02,영국,4733
2022,02,캐나다,4203
2022,02,말레이시아,3248
2022,02,프랑스,3204
2022,02,우크라이나,2449
2022,02,이집트,2489
2022,02,남아프리카공화국,2591
2022,02,나이지리아,2415
2022,02,티모르민주공화국,2295
2022,02,독일,2139
2022,02,홍콩,1859
2022,02,오스트레일리아,1667
2022,02,시리아,1523
2022,02,터키,1502
2022,02,가나,1097
2022,02,모로코,1277
2022,02,이란,1173
2022,02,라오스,1163
2022,02,예멘공화국,1057
2022,02,사우디아라비아,821
2022,02,에티오피아,996
2022,02,이탈리아,826
2022,02,카메룬,834
2022,02,브라질,1013
2022,02,뉴질랜드,675
2022,02,스페인,846
2022,02,싱가포르,658
2022,02,네덜란드,483
2022,02,아일랜드,615
2022,02,멕시코,657
2022,02,아랍에미리트연합,313
2022,02,타지키스탄,612
2022,02,라이베리아,467
2022,02,우간다,471
2022,02,알제리,419
2022,02,스웨덴,413
2022,02,리비아,523
2022,02,폴란드,414
2022,02,콜롬비아,445
2022,02,케냐,374
2022,02,세네갈,305
2022,02,페루,398
2022,02,아프가니스탄,786
2022,02,벨기에,355
2022,02,이라크,391
2022,02,요르단,408
2022,02,투르크메니스탄,239
2022,02,튀니지,274
2022,02,노르웨이,234
2022,02,기니,261
2022,02,수단,260
2022,02,탄자니아,285
2022,02,스위스,284
2022,02,르완다,254
2022,02,에콰도르,209
2022,02,덴마크,215
2022,02,벨로루시,224
2022,02,콩고민주공화국,241
2022,02,그리스,203
2022,02,말리,201
2022,02,오스트리아,194
2022,02,루마니아,235
2022,02,아제르바이잔,221
2022,02,핀란드,175
2022,02,칠레,182
2022,02,헝가리,159
2022,02,베네수엘라,152
2022,02,코트디부아르,170
2022,02,이스라엘,167
2022,02,앙골라,136
2022,02,포르투갈,141
2022,02,감비아,124
2022,02,체코,120
2022,02,불가리아,127
2022,02,아르헨티나,163
2022,02,무국적,101
2022,02,부룬디,134
2022,02,마카오,79
2022,02,짐바브웨,95
2022,02,잠비아,88
2022,02,리투아니아,91
2022,02,쿠웨이트,50
2022,02,파라과이,78
2022,02,과테말라,69
2022,02,시에라리온,77
2022,02,볼리비아,57
2022,02,도미니카공화국,64
2022,02,브루나이,57
2022,02,가봉,71
2022,02,피지,40
2022,02,아르메니아,69
2022,02,크로아티아,72
2022,02,엘살바도르,49
2022,02,파나마,67
2022,02,모잠비크,55
2022,02,팔레스타인,57
2022,02,조지아,76
2022,02,코스타리카,63
2022,02,슬로바크,62
2022,02,미등록국가,36
2022,02,토고,41
2022,02,영국외지민,67
2022,02,세르비아,61
2022,02,온두라스,42
2022,02,부르키나파소,43
2022,02,자메이카,37
2022,02,몰도바,44
2022,02,라트비아,62
2022,02,쿠바,33
2022,02,슬로베니아,39
2022,02,오만,32
2022,02,레바논,34
2022,02,에스토니아,36
2022,02,부탄,38
2022,02,아이티,33
2022,02,마다가스카르,27
2022,02,니카라과,35
2022,02,베냉,15
2022,02,우루과이,29
2022,02,콩고,21
2022,02,국제연합,34
2022,02,보츠와나,17
2022,02,말라위,23
2022,02,카타르,37
2022,02,알바니아,24
2022,02,모리셔스,11
2022,02,트리니다드토바고,19
2022,02,키리바시,1
2022,02,룩셈부르크,16
2022,02,기니비사우,19
2022,02,바레인,7
2022,02,키프로스,19
2022,02,에스와티니,12
2022,02,소말리아,21
2022,02,남수단공화국,27
2022,02,차드,11
2022,02,에리트레아,13
2022,02,아이슬란드,9
2022,02,세인트크리스토퍼네비스,9
2022,02,모리타니,10
2022,02,솔로몬군도,3
2022,02,마케도니아,13
2022,02,중앙아프리카공화국,6
2022,02,보스니아헤르체고비나,8
2022,02,몰타,7
2022,02,니제르,7
2022,02,적도기니,7
2022,02,바하마,4
2022,02,몬테네그로,9
2022,02,코소보,2
2022,02,바누아투,7
2022,02,레소토,4
2022,02,코모로,1
2022,02,몰디브,2
2022,02,팔라우,2
2022,02,벨리즈,5
2022,02,도미니카연방,6
2022,02,나미비아,2
2022,02,파푸아뉴기니,5
2022,02,통가,1
2022,02,바베이도스,3
2022,02,나우루,2
2022,02,지부티,1
2022,02,수리남,2
2022,02,세인트루시아,2
2022,02,세이셸,2
2022,02,가이아나,4
2022,02,교황청,2
2022,02,마샬군도,1
2022,02,세인트빈센트그레나딘,1
2022,02,영국속령지시민,1
2022,02,영국외지시민,1
2022,02,홍콩거주난민,1
2022,03,한국계중국인,249056
2022,03,베트남,175189
2022,03,중국,169300
2022,03,우즈베키스탄,42695
2022,03,캄보디아,40487
2022,03,필리핀,37930
2022,03,네팔,35749
2022,03,태국,32016
2022,03,인도네시아,31598
2022,03,미국,29949
2022,03,일본,24603
2022,03,미얀마,24597
2022,03,몽골,24402
2022,03,스리랑카,19071
2022,03,타이완,17714
2022,03,러시아연방,13982
2022,03,방글라데시,13629
2022,03,카자흐스탄,13220
2022,03,인도,10247
2022,03,파키스탄,10239
2022,03,영국,4830
2022,03,키르기즈,4277
2022,03,캐나다,4198
2022,03,프랑스,4022
2022,03,말레이시아,3444
2022,03,남아프리카공화국,2688
2022,03,독일,2621
2022,03,이집트,2472
2022,03,나이지리아,2443
2022,03,우크라이나,2417
2022,03,티모르민주공화국,2392
2022,03,홍콩,1957
2022,03,오스트레일리아,1687
2022,03,터키,1581
2022,03,시리아,1527
2022,03,모로코,1298
2022,03,이란,1195
2022,03,라오스,1191
2022,03,가나,1098
2022,03,브라질,1087
2022,03,예멘공화국,1057
2022,03,에티오피아,1010
2022,03,이탈리아,938
2022,03,스페인,929
2022,03,카메룬,825
2022,03,사우디아라비아,803
2022,03,아프가니스탄,800
2022,03,멕시코,771
2022,03,싱가포르,733
2022,03,뉴질랜드,674
2022,03,네덜란드,646
2022,03,타지키스탄,628
2022,03,아일랜드,619
2022,03,리비아,552
2022,03,스웨덴,490
2022,03,우간다,478
2022,03,라이베리아,465
2022,03,콜롬비아,458
2022,03,폴란드,454
2022,03,요르단,422
2022,03,알제리,422
2022,03,페루,416
2022,03,이라크,397
2022,03,벨기에,397
2022,03,케냐,388
2022,03,아랍에미리트연합,343
2022,03,스위스,310
2022,03,세네갈,309
2022,03,탄자니아,293
2022,03,튀니지,281
2022,03,핀란드,272
2022,03,기니,263
2022,03,수단,260
2022,03,노르웨이,252
2022,03,르완다,251
2022,03,투르크메니스탄,244
2022,03,콩고민주공화국,242
2022,03,루마니아,237
2022,03,아제르바이잔,234
2022,03,벨로루시,231
2022,03,덴마크,229
2022,03,오스트리아,222
2022,03,에콰도르,215
2022,03,그리스,204
2022,03,말리,203
2022,03,칠레,200
2022,03,헝가리,174
2022,03,아르헨티나,172
2022,03,이스라엘,168
2022,03,코트디부아르,168
2022,03,체코,155
2022,03,포르투갈,155
2022,03,베네수엘라,151
2022,03,부룬디,139
2022,03,불가리아,136
2022,03,앙골라,136
2022,03,감비아,124
2022,03,리투아니아,108
2022,03,무국적,101
2022,03,짐바브웨,96
2022,03,잠비아,89
2022,03,브루나이,87
2022,03,조지아,81
2022,03,시에라리온,80
2022,03,마카오,80
2022,03,파라과이,76
2022,03,가봉,73
2022,03,슬로바크,72
2022,03,코스타리카,72
2022,03,크로아티아,72
2022,03,과테말라,71
2022,03,영국외지민,69
2022,03,아르메니아,69
2022,03,파나마,67
2022,03,도미니카공화국,67
2022,03,세르비아,64
2022,03,라트비아,63
2022,03,볼리비아,58
2022,03,팔레스타인,56
2022,03,엘살바도르,51
2022,03,쿠웨이트,50
2022,03,몰도바,46
2022,03,온두라스,44
2022,03,슬로베니아,43
2022,03,부르키나파소,42
2022,03,에스토니아,41
2022,03,토고,41
2022,03,모잠비크,40
2022,03,피지,40
2022,03,부탄,39
2022,03,자메이카,38
2022,03,카타르,35
2022,03,니카라과,35
2022,03,쿠바,35
2022,03,국제연합,34
2022,03,레바논,34
2022,03,오만,34
2022,03,미등록국가,34
2022,03,아이티,33
2022,03,우루과이,30
2022,03,마다가스카르,28
2022,03,남수단공화국,27
2022,03,말라위,24
2022,03,알바니아,23
2022,03,소말리아,21
2022,03,콩고,21
2022,03,키프로스,20
2022,03,기니비사우,19
2022,03,보츠와나,19
2022,03,트리니다드토바고,18
2022,03,룩셈부르크,17
2022,03,베냉,16
2022,03,마케도니아,13
2022,03,에리트레아,13
2022,03,에스와티니,13
2022,03,아이슬란드,12
2022,03,모리타니,11
2022,03,모리셔스,11
2022,03,차드,10
2022,03,세인트크리스토퍼네비스,9
2022,03,몬테네그로,8
2022,03,바누아투,7
2022,03,적도기니,7
2022,03,니제르,7
2022,03,몰타,7
2022,03,보스니아헤르체고비나,7
2022,03,도미니카연방,6
2022,03,중앙아프리카공화국,6
2022,03,바레인,6
2022,03,파푸아뉴기니,5
2022,03,벨리즈,5
2022,03,가이아나,4
2022,03,레소토,4
2022,03,바하마,4
2022,03,바베이도스,3
2022,03,솔로몬군도,3
2022,03,교황청,2
2022,03,세이셸,2
2022,03,세인트루시아,2
2022,03,수리남,2
2022,03,나우루,2
2022,03,팔라우,2
2022,03,몰디브,2
2022,03,코소보,2
2022,03,홍콩거주난민,1
2022,03,영국외지시민,1
2022,03,영국속령지시민,1
2022,03,세인트빈센트그레나딘,1
2022,03,부베트,1
2022,03,마샬군도,1
2022,03,지부티,1
2022,03,통가,1
2022,03,나미비아,1
2022,03,코모로,1
2022,03,키리바시,1
2022,04,한국계중국인,248586
2022,04,베트남,177175
2022,04,중국,170660
2022,04,우즈베키스탄,42281
2022,04,캄보디아,40634
2022,04,필리핀,38088
2022,04,네팔,35893
2022,04,태국,32226
2022,04,인도네시아,32117
2022,04,미국,30701
2022,04,일본,25603
2022,04,몽골,25066
2022,04,미얀마,24867
2022,04,스리랑카,18846
2022,04,타이완,17814
2022,04,러시아연방,14083
2022,04,방글라데시,14049
2022,04,카자흐스탄,12816
2022,04,인도,10417
2022,04,파키스탄,10373
2022,04,영국,4930
2022,04,프랑스,4588
2022,04,키르기즈,4268
2022,04,캐나다,4263
2022,04,말레이시아,3559
2022,04,독일,2970
2022,04,남아프리카공화국,2847
2022,04,티모르민주공화국,2495
2022,04,이집트,2490
2022,04,우크라이나,2489
2022,04,나이지리아,2456
2022,04,홍콩,2038
2022,04,오스트레일리아,1689
2022,04,터키,1630
2022,04,시리아,1531
2022,04,모로코,1317
2022,04,라오스,1276
2022,04,이란,1214
2022,04,브라질,1141
2022,04,가나,1104
2022,04,예멘공화국,1055
2022,04,에티오피아,1030
2022,04,이탈리아,1001
2022,04,스페인,991
2022,04,사우디아라비아,844
2022,04,멕시코,832
2022,04,카메룬,818
2022,04,아프가니스탄,805
2022,04,싱가포르,805
2022,04,네덜란드,786
2022,04,뉴질랜드,686
2022,04,타지키스탄,660
2022,04,아일랜드,638
2022,04,리비아,582
2022,04,스웨덴,531
2022,04,폴란드,481
2022,04,콜롬비아,480
2022,04,우간다,480
2022,04,라이베리아,468
2022,04,벨기에,447
2022,04,요르단,427
2022,04,알제리,424
2022,04,페루,423
2022,04,이라크,409
2022,04,케냐,391
2022,04,스위스,340
2022,04,아랍에미리트연합,339
2022,04,핀란드,316
2022,04,세네갈,311
2022,04,탄자니아,300
2022,04,튀니지,288
2022,04,수단,266
2022,04,노르웨이,265
2022,04,르완다,260
2022,04,기니,260
2022,04,덴마크,252
2022,04,루마니아,250
2022,04,콩고민주공화국,250
2022,04,투르크메니스탄,246
2022,04,벨로루시,242
2022,04,아제르바이잔,240
2022,04,오스트리아,239
2022,04,칠레,224
2022,04,에콰도르,216
2022,04,그리스,205
2022,04,말리,202
2022,04,헝가리,189
2022,04,체코,182
2022,04,이스라엘,179
2022,04,아르헨티나,176
2022,04,코트디부아르,169
2022,04,포르투갈,168
2022,04,베네수엘라,151
2022,04,부룬디,143
2022,04,앙골라,136
2022,04,불가리아,134
2022,04,감비아,123
2022,04,리투아니아,118
2022,04,브루나이,105
2022,04,짐바브웨,98
2022,04,잠비아,97
2022,04,무국적,97
2022,04,조지아,85
2022,04,마카오,83
2022,04,시에라리온,80
2022,04,파라과이,79
2022,04,가봉,78
2022,04,슬로바크,76
2022,04,크로아티아,76
2022,04,코스타리카,73
2022,04,과테말라,73
2022,04,아르메니아,72
2022,04,세르비아,70
2022,04,영국외지민,70
2022,04,도미니카공화국,70
2022,04,파나마,69
2022,04,라트비아,64
2022,04,볼리비아,59
2022,04,팔레스타인,57
2022,04,엘살바도르,56
2022,04,쿠웨이트,54
2022,04,슬로베니아,52
2022,04,몰도바,47
2022,04,온두라스,44
2022,04,부르키나파소,43
2022,04,오만,42
2022,04,에스토니아,41
2022,04,토고,41
2022,04,모잠비크,41
2022,04,피지,41
2022,04,부탄,39
2022,04,쿠바,37
2022,04,자메이카,37
2022,04,니카라과,36
2022,04,카타르,35
2022,04,레바논,35
2022,04,국제연합,34
2022,04,아이티,34
2022,04,미등록국가,34
2022,04,우루과이,32
2022,04,말라위,31
2022,04,마다가스카르,28
2022,04,남수단공화국,26
2022,04,알바니아,24
2022,04,소말리아,21
2022,04,콩고,21
2022,04,키프로스,20
2022,04,룩셈부르크,19
2022,04,보츠와나,19
2022,04,기니비사우,18
2022,04,트리니다드토바고,18
2022,04,베냉,15
2022,04,에스와티니,14
2022,04,북마케도니아,13
2022,04,에리트레아,13
2022,04,아이슬란드,12
2022,04,모리셔스,12
2022,04,모리타니,11
2022,04,차드,11
2022,04,세인트크리스토퍼네비스,10
2022,04,바누아투,9
2022,04,몬테네그로,9
2022,04,보스니아헤르체고비나,8
2022,04,적도기니,7
2022,04,니제르,7
2022,04,몰타,7
2022,04,바레인,7
2022,04,도미니카연방,6
2022,04,중앙아프리카공화국,6
2022,04,파푸아뉴기니,5
2022,04,벨리즈,5
2022,04,레소토,5
2022,04,가이아나,4
2022,04,바하마,4
2022,04,바베이도스,3
2022,04,솔로몬군도,3
2022,04,홍콩거주난민,2
2022,04,교황청,2
2022,04,세이셸,2
2022,04,수리남,2
2022,04,지부티,2
2022,04,나우루,2
2022,04,팔라우,2
2022,04,몰디브,2
2022,04,코소보,2
2022,04,영국외지시민,1
2022,04,영국속령지시민,1
2022,04,세인트빈센트그레나딘,1
2022,04,부베트,1
2022,04,마샬군도,1
2022,04,세인트루시아,1
2022,04,통가,1
2022,04,나미비아,1
2022,04,코모로,1
2022,05,홍콩거주난민,2
2022,05,영국외지시민,1
2022,05,영국속령지시민,1
2022,05,세인트빈센트그레나딘,1
2022,05,북마케도니아,14
2022,05,부베트,1
2022,05,마샬군도,1
2022,05,교황청,2
2022,05,가이아나,4
2022,05,세이셸,2
2022,05,세인트루시아,1
2022,05,수리남,2
2022,05,지부티,2
2022,05,나우루,2
2022,05,바베이도스,3
2022,05,통가,1
2022,05,파푸아뉴기니,7
2022,05,나미비아,1
2022,05,도미니카연방,6
2022,05,벨리즈,7
2022,05,팔라우,2
2022,05,몰디브,3
2022,05,코모로,4
2022,05,레소토,5
2022,05,바누아투,10
2022,05,코소보,3
2022,05,몬테네그로,9
2022,05,바하마,4
2022,05,적도기니,7
2022,05,니제르,7
2022,05,몰타,7
2022,05,보스니아헤르체고비나,7
2022,05,중앙아프리카공화국,6
2022,05,솔로몬군도,3
2022,05,모리타니,11
2022,05,세인트크리스토퍼네비스,11
2022,05,아이슬란드,11
2022,05,에리트레아,13
2022,05,차드,11
2022,05,남수단공화국,26
2022,05,소말리아,21
2022,05,에스와티니,14
2022,05,키프로스,20
2022,05,바레인,7
2022,05,기니비사우,18
2022,05,룩셈부르크,19
2022,05,트리니다드토바고,18
2022,05,모리셔스,12
2022,05,알바니아,25
2022,05,카타르,35
2022,05,말라위,31
2022,05,보츠와나,20
2022,05,국제연합,34
2022,05,콩고,21
2022,05,우루과이,31
2022,05,베냉,15
2022,05,니카라과,36
2022,05,마다가스카르,27
2022,05,아이티,40
2022,05,부탄,43
2022,05,에스토니아,40
2022,05,레바논,34
2022,05,오만,43
2022,05,슬로베니아,48
2022,05,쿠바,37
2022,05,라트비아,65
2022,05,몰도바,47
2022,05,자메이카,37
2022,05,부르키나파소,43
2022,05,온두라스,44
2022,05,세르비아,71
2022,05,영국외지민,72
2022,05,토고,41
2022,05,미등록국가,33
2022,05,슬로바크,74
2022,05,코스타리카,74
2022,05,조지아,86
2022,05,팔레스타인,58
2022,05,모잠비크,41
2022,05,파나마,68
2022,05,엘살바도르,58
2022,05,크로아티아,76
2022,05,아르메니아,69
2022,05,피지,41
2022,05,가봉,78
2022,05,브루나이,112
2022,05,도미니카공화국,72
2022,05,볼리비아,59
2022,05,시에라리온,80
2022,05,과테말라,74
2022,05,파라과이,79
2022,05,쿠웨이트,54
2022,05,리투아니아,113
2022,05,잠비아,96
2022,05,짐바브웨,98
2022,05,마카오,80
2022,05,부룬디,158
2022,05,무국적,103
2022,05,아르헨티나,179
2022,05,불가리아,133
2022,05,체코,181
2022,05,감비아,122
2022,05,포르투갈,170
2022,05,앙골라,136
2022,05,이스라엘,181
2022,05,코트디부아르,169
2022,05,베네수엘라,155
2022,05,헝가리,190
2022,05,칠레,229
2022,05,핀란드,321
2022,05,아제르바이잔,247
2022,05,루마니아,249
2022,05,오스트리아,242
2022,05,말리,208
2022,05,그리스,200
2022,05,콩고민주공화국,253
2022,05,벨로루시,244
2022,05,덴마크,266
2022,05,에콰도르,222
2022,05,르완다,260
2022,05,스위스,341
2022,05,탄자니아,299
2022,05,수단,268
2022,05,기니,258
2022,05,노르웨이,267
2022,05,튀니지,290
2022,05,투르크메니스탄,238
2022,05,요르단,435
2022,05,이라크,410
2022,05,벨기에,461
2022,05,아프가니스탄,808
2022,05,페루,428
2022,05,세네갈,311
2022,05,케냐,399
2022,05,콜롬비아,488
2022,05,폴란드,476
2022,05,리비아,602
2022,05,스웨덴,525
2022,05,알제리,426
2022,05,우간다,479
2022,05,라이베리아,468
2022,05,타지키스탄,679
2022,05,아랍에미리트연합,378
2022,05,멕시코,835
2022,05,아일랜드,645
2022,05,네덜란드,788
2022,05,싱가포르,805
2022,05,스페인,1098
2022,05,뉴질랜드,690
2022,05,브라질,1142
2022,05,카메룬,815
2022,05,이탈리아,1008
2022,05,에티오피아,1036
2022,05,사우디아라비아,858
2022,05,예멘공화국,1061
2022,05,라오스,1374
2022,05,이란,1214
2022,05,모로코,1332
2022,05,가나,1102
2022,05,터키,1642
2022,05,시리아,1538
2022,05,오스트레일리아,1710
2022,05,홍콩,2052
2022,05,독일,3027
2022,05,티모르민주공화국,2551
2022,05,나이지리아,2452
2022,05,남아프리카공화국,2930
2022,05,이집트,2495
2022,05,우크라이나,2730
2022,05,프랑스,4676
2022,05,말레이시아,3551
2022,05,캐나다,4270
2022,05,영국,4959
2022,05,키르기즈,4404
2022,05,인도,10613
2022,05,파키스탄,10563
2022,05,러시아연방,14160
2022,05,방글라데시,14523
2022,05,카자흐스탄,12732
2022,05,타이완,17773
2022,05,스리랑카,18863
2022,05,일본,25602
2022,05,몽골,25258
2022,05,미국,30912
2022,05,미얀마,25226
2022,05,태국,32397
2022,05,인도네시아,32486
2022,05,네팔,36310
2022,05,캄보디아,40765
2022,05,필리핀,38651
2022,05,우즈베키스탄,42359
2022,05,베트남,179080
2022,05,한국계중국인,247826
2022,05,중국,170760
2022,06,홍콩거주난민,2
2022,06,튀르키예,1684
2022,06,영국외지시민,1
2022,06,영국속령지시민,1
2022,06,세인트빈센트그레나딘,1
2022,06,북마케도니아,14
2022,06,마샬군도,1
2022,06,교황청,2
2022,06,가이아나,4
2022,06,세이셸,2
2022,06,세인트루시아,2
2022,06,수리남,2
2022,06,지부티,2
2022,06,나우루,3
2022,06,바베이도스,4
2022,06,통가,1
2022,06,파푸아뉴기니,7
2022,06,나미비아,1
2022,06,도미니카연방,6
2022,06,벨리즈,7
2022,06,팔라우,2
2022,06,몰디브,3
2022,06,코모로,4
2022,06,레소토,5
2022,06,바누아투,11
2022,06,코소보,3
2022,06,몬테네그로,13
2022,06,바하마,4
2022,06,적도기니,8
2022,06,니제르,7
2022,06,몰타,7
2022,06,보스니아-헤르체고비나,7
2022,06,중앙아프리카공화국,9
2022,06,솔로몬군도,3
2022,06,모리타니,11
2022,06,세인트크리스토퍼네비스,10
2022,06,아이슬란드,10
2022,06,에리트레아,13
2022,06,차드,10
2022,06,남수단공화국,26
2022,06,소말리아,21
2022,06,에스와티니,14
2022,06,키프로스,19
2022,06,바레인,7
2022,06,기니비사우,18
2022,06,룩셈부르크,18
2022,06,트리니다드토바고,18
2022,06,모리셔스,13
2022,06,알바니아,25
2022,06,카타르,35
2022,06,말라위,32
2022,06,보츠와나,20
2022,06,국제연합,34
2022,06,콩고,21
2022,06,우루과이,31
2022,06,베냉,16
2022,06,니카라과,37
2022,06,마다가스카르,26
2022,06,아이티,55
2022,06,부탄,44
2022,06,에스토니아,39
2022,06,레바논,35
2022,06,오만,45
2022,06,슬로베니아,47
2022,06,쿠바,36
2022,06,라트비아,65
2022,06,몰도바,45
2022,06,자메이카,34
2022,06,부르키나파소,43
2022,06,온두라스,45
2022,06,세르비아,72
2022,06,영국외지민,70
2022,06,토고,41
2022,06,미등록국가,30
2022,06,슬로바크,66
2022,06,코스타리카,76
2022,06,조지아,83
2022,06,팔레스타인,60
2022,06,모잠비크,41
2022,06,파나마,68
2022,06,엘살바도르,58
2022,06,크로아티아,74
2022,06,아르메니아,69
2022,06,피지,41
2022,06,가봉,81
2022,06,브루나이,76
2022,06,도미니카공화국,75
2022,06,볼리비아,58
2022,06,시에라리온,78
2022,06,과테말라,76
2022,06,파라과이,78
2022,06,쿠웨이트,55
2022,06,리투아니아,106
2022,06,잠비아,95
2022,06,짐바브웨,98
2022,06,마카오,80
2022,06,부룬디,157
2022,06,무국적,110
2022,06,아르헨티나,174
2022,06,불가리아,132
2022,06,체코,174
2022,06,감비아,122
2022,06,포르투갈,167
2022,06,앙골라,135
2022,06,이스라엘,180
2022,06,코트디부아르,171
2022,06,베네수엘라,154
2022,06,헝가리,184
2022,06,칠레,230
2022,06,핀란드,295
2022,06,아제르바이잔,250
2022,06,루마니아,249
2022,06,오스트리아,236
2022,06,말리,208
2022,06,그리스,196
2022,06,콩고민주공화국,252
2022,06,벨로루시,250
2022,06,덴마크,255
2022,06,에콰도르,225
2022,06,르완다,261
2022,06,스위스,335
2022,06,탄자니아,305
2022,06,수단,269
2022,06,기니,260
2022,06,노르웨이,259
2022,06,튀니지,299
2022,06,투르크메니스탄,231
2022,06,요르단,435
2022,06,이라크,414
2022,06,벨기에,430
2022,06,아프가니스탄,812
2022,06,페루,429
2022,06,세네갈,311
2022,06,케냐,397
2022,06,콜롬비아,488
2022,06,폴란드,470
2022,06,리비아,619
2022,06,스웨덴,499
2022,06,알제리,428
2022,06,우간다,478
2022,06,라이베리아,468
2022,06,타지키스탄,693
2022,06,아랍에미리트연합,382
2022,06,멕시코,794
2022,06,아일랜드,645
2022,06,네덜란드,734
2022,06,싱가포르,766
2022,06,스페인,1026
2022,06,뉴질랜드,681
2022,06,브라질,1151
2022,06,카메룬,815
2022,06,이탈리아,992
2022,06,에티오피아,1043
2022,06,사우디아라비아,853
2022,06,예멘공화국,1066
2022,06,라오스,1494
2022,06,이란,1223
2022,06,모로코,1329
2022,06,가나,1104
2022,06,시리아,1546
2022,06,오스트레일리아,1699
2022,06,홍콩,2059
2022,06,독일,2922
2022,06,티모르민주공화국,2605
2022,06,나이지리아,2450
2022,06,남아프리카공화국,2999
2022,06,이집트,2494
2022,06,우크라이나,2855
2022,06,프랑스,4478
2022,06,말레이시아,3503
2022,06,캐나다,4212
2022,06,영국,4942
2022,06,키르기즈,4510
2022,06,인도,10712
2022,06,파키스탄,10645
2022,06,러시아(연방),14308
2022,06,방글라데시,14922
2022,06,카자흐스탄,13365
2022,06,타이완,17746
2022,06,스리랑카,18877
2022,06,일본,25791
2022,06,몽골,25408
2022,06,미국,30357
2022,06,미얀마,25616
2022,06,태국,32288
2022,06,인도네시아,32941
2022,06,네팔,36626
2022,06,캄보디아,40943
2022,06,필리핀,39540
2022,06,우즈베키스탄,43085
2022,06,베트남,181844
2022,06,한국계중국인,246104
2022,06,중국,170458
2022,07,홍콩거주난민,2
2022,07,튀르키예,1970
2022,07,영국외지시민,1
2022,07,영국속령지시민,1
2022,07,세인트빈센트그레나딘,1
2022,07,북마케도니아,15
2022,07,마샬군도,4
2022,07,교황청,2
2022,07,가이아나,4
2022,07,세이셸,2
2022,07,세인트루시아,2
2022,07,수리남,2
2022,07,지부티,2
2022,07,나우루,3
2022,07,바베이도스,5
2022,07,통가,1
2022,07,파푸아뉴기니,8
2022,07,나미비아,1
2022,07,도미니카연방,5
2022,07,벨리즈,7
2022,07,팔라우,2
2022,07,몰디브,3
2022,07,코모로,4
2022,07,레소토,5
2022,07,바누아투,12
2022,07,코소보,3
2022,07,몬테네그로,12
2022,07,바하마,4
2022,07,적도기니,8
2022,07,니제르,7
2022,07,몰타,7
2022,07,보스니아-헤르체고비나,8
2022,07,중앙아프리카공화국,9
2022,07,솔로몬군도,3
2022,07,모리타니,11
2022,07,세인트크리스토퍼네비스,12
2022,07,아이슬란드,9
2022,07,에리트레아,13
2022,07,차드,9
2022,07,남수단공화국,26
2022,07,소말리아,21
2022,07,에스와티니,15
2022,07,키프로스,18
2022,07,바레인,7
2022,07,기니비사우,17
2022,07,룩셈부르크,16
2022,07,트리니다드토바고,18
2022,07,모리셔스,14
2022,07,알바니아,24
2022,07,카타르,36
2022,07,말라위,32
2022,07,보츠와나,21
2022,07,국제연합,34
2022,07,콩고,22
2022,07,우루과이,31
2022,07,베냉,16
2022,07,니카라과,37
2022,07,마다가스카르,26
2022,07,아이티,109
2022,07,부탄,47
2022,07,에스토니아,35
2022,07,레바논,35
2022,07,오만,57
2022,07,슬로베니아,42
2022,07,쿠바,35
2022,07,라트비아,64
2022,07,몰도바,44
2022,07,자메이카,33
2022,07,부르키나파소,42
2022,07,온두라스,45
2022,07,세르비아,71
2022,07,영국외지민,71
2022,07,토고,42
2022,07,미등록국가,30
2022,07,슬로바크,65
2022,07,코스타리카,77
2022,07,조지아,82
2022,07,팔레스타인,61
2022,07,모잠비크,38
2022,07,파나마,68
2022,07,엘살바도르,58
2022,07,크로아티아,75
2022,07,아르메니아,70
2022,07,피지,41
2022,07,가봉,81
2022,07,브루나이,76
2022,07,도미니카공화국,74
2022,07,볼리비아,58
2022,07,시에라리온,81
2022,07,과테말라,75
2022,07,파라과이,80
2022,07,쿠웨이트,60
2022,07,리투아니아,95
2022,07,잠비아,90
2022,07,짐바브웨,98
2022,07,마카오,78
2022,07,부룬디,161
2022,07,무국적,112
2022,07,아르헨티나,176
2022,07,불가리아,135
2022,07,체코,163
2022,07,감비아,121
2022,07,포르투갈,165
2022,07,앙골라,138
2022,07,이스라엘,181
2022,07,코트디부아르,169
2022,07,베네수엘라,156
2022,07,헝가리,176
2022,07,칠레,233
2022,07,핀란드,244
2022,07,아제르바이잔,247
2022,07,루마니아,239
2022,07,오스트리아,216
2022,07,말리,208
2022,07,그리스,189
2022,07,콩고민주공화국,249
2022,07,벨로루시,253
2022,07,덴마크,243
2022,07,에콰도르,226
2022,07,르완다,266
2022,07,스위스,313
2022,07,탄자니아,302
2022,07,수단,271
2022,07,기니,258
2022,07,노르웨이,251
2022,07,튀니지,300
2022,07,투르크메니스탄,229
2022,07,요르단,438
2022,07,이라크,410
2022,07,벨기에,408
2022,07,아프가니스탄,815
2022,07,페루,432
2022,07,세네갈,316
2022,07,케냐,393
2022,07,콜롬비아,497
2022,07,폴란드,462
2022,07,리비아,631
2022,07,스웨덴,468
2022,07,알제리,428
2022,07,우간다,477
2022,07,라이베리아,468
2022,07,타지키스탄,698
2022,07,아랍에미리트연합,414
2022,07,멕시코,754
2022,07,아일랜드,633
2022,07,네덜란드,653
2022,07,싱가포르,722
2022,07,스페인,967
2022,07,뉴질랜드,687
2022,07,브라질,1165
2022,07,카메룬,809
2022,07,이탈리아,942
2022,07,에티오피아,1048
2022,07,사우디아라비아,847
2022,07,예멘공화국,1068
2022,07,라오스,1695
2022,07,이란,1239
2022,07,모로코,1335
2022,07,가나,1094
2022,07,시리아,1553
2022,07,오스트레일리아,1711
2022,07,홍콩,2053
2022,07,독일,2651
2022,07,티모르민주공화국,2684
2022,07,나이지리아,2456
2022,07,남아프리카공화국,3026
2022,07,이집트,2496
2022,07,우크라이나,2884
2022,07,프랑스,4242
2022,07,말레이시아,3459
2022,07,캐나다,4195
2022,07,영국,4844
2022,07,키르기즈,4722
2022,07,인도,10877
2022,07,파키스탄,10799
2022,07,러시아(연방),14443
2022,07,방글라데시,15299
2022,07,카자흐스탄,14246
2022,07,타이완,17696
2022,07,스리랑카,19219
2022,07,일본,26258
2022,07,몽골,25713
2022,07,미국,30057
2022,07,미얀마,26122
2022,07,태국,32280
2022,07,인도네시아,33628
2022,07,네팔,37429
2022,07,캄보디아,41129
2022,07,필리핀,40350
2022,07,우즈베키스탄,43731
2022,07,베트남,184617
2022,07,한국계중국인,244342
2022,07,중국,170188
2022,08,홍콩거주난민,2
2022,08,튀르키예,2373
2022,08,영국외지시민,1
2022,08,영국속령지시민,1
2022,08,세인트빈센트그레나딘,1
2022,08,북마케도니아,13
2022,08,마샬군도,6
2022,08,교황청,2
2022,08,가이아나,7
2022,08,세이셸,2
2022,08,세인트루시아,2
2022,08,수리남,1
2022,08,앤티카바부다,1
2022,08,지부티,2
2022,08,나우루,3
2022,08,바베이도스,4
2022,08,통가,1
2022,08,파푸아뉴기니,9
2022,08,나미비아,1
2022,08,도미니카연방,5
2022,08,벨리즈,6
2022,08,팔라우,2
2022,08,몰디브,3
2022,08,코모로,4
2022,08,레소토,5
2022,08,바누아투,12
2022,08,코소보,4
2022,08,몬테네그로,12
2022,08,바하마,4
2022,08,적도기니,9
2022,08,니제르,7
2022,08,몰타,7
2022,08,보스니아-헤르체고비나,10
2022,08,중앙아프리카공화국,9
2022,08,솔로몬군도,3
2022,08,모리타니,11
2022,08,세인트크리스토퍼네비스,11
2022,08,아이슬란드,8
2022,08,에리트레아,13
2022,08,차드,9
2022,08,남수단공화국,26
2022,08,소말리아,21
2022,08,에스와티니,14
2022,08,키프로스,16
2022,08,바레인,8
2022,08,기니비사우,17
2022,08,룩셈부르크,22
2022,08,트리니다드토바고,20
2022,08,모리셔스,14
2022,08,알바니아,23
2022,08,카타르,42
2022,08,말라위,37
2022,08,보츠와나,16
2022,08,국제연합,34
2022,08,콩고,23
2022,08,우루과이,30
2022,08,베냉,15
2022,08,니카라과,37
2022,08,마다가스카르,26
2022,08,아이티,156
2022,08,부탄,45
2022,08,에스토니아,35
2022,08,레바논,37
2022,08,오만,58
2022,08,슬로베니아,49
2022,08,쿠바,35
2022,08,라트비아,65
2022,08,몰도바,43
2022,08,자메이카,35
2022,08,부르키나파소,41
2022,08,온두라스,45
2022,08,세르비아,72
2022,08,영국외지민,74
2022,08,토고,42
2022,08,미등록국가,31
2022,08,슬로바크,61
2022,08,코스타리카,77
2022,08,조지아,80
2022,08,팔레스타인,62
2022,08,모잠비크,39
2022,08,파나마,68
2022,08,엘살바도르,59
2022,08,크로아티아,77
2022,08,아르메니아,67
2022,08,피지,43
2022,08,가봉,81
2022,08,브루나이,77
2022,08,도미니카공화국,72
2022,08,볼리비아,60
2022,08,시에라리온,81
2022,08,과테말라,74
2022,08,파라과이,79
2022,08,쿠웨이트,63
2022,08,리투아니아,93
2022,08,잠비아,87
2022,08,짐바브웨,97
2022,08,마카오,79
2022,08,부룬디,163
2022,08,무국적,117
2022,08,아르헨티나,178
2022,08,불가리아,130
2022,08,체코,160
2022,08,감비아,120
2022,08,포르투갈,162
2022,08,앙골라,144
2022,08,이스라엘,177
2022,08,코트디부아르,176
2022,08,베네수엘라,161
2022,08,헝가리,186
2022,08,칠레,223
2022,08,핀란드,228
2022,08,아제르바이잔,244
2022,08,루마니아,236
2022,08,오스트리아,213
2022,08,말리,210
2022,08,그리스,183
2022,08,콩고민주공화국,251
2022,08,벨로루시,257
2022,08,덴마크,246
2022,08,에콰도르,227
2022,08,르완다,273
2022,08,스위스,305
2022,08,탄자니아,328
2022,08,수단,274
2022,08,기니,259
2022,08,노르웨이,242
2022,08,튀니지,301
2022,08,투르크메니스탄,224
2022,08,요르단,443
2022,08,이라크,414
2022,08,벨기에,388
2022,08,아프가니스탄,825
2022,08,페루,433
2022,08,세네갈,319
2022,08,케냐,402
2022,08,콜롬비아,503
2022,08,폴란드,454
2022,08,리비아,631
2022,08,스웨덴,462
2022,08,알제리,431
2022,08,우간다,483
2022,08,라이베리아,468
2022,08,타지키스탄,705
2022,08,아랍에미리트연합,419
2022,08,멕시코,754
2022,08,아일랜드,640
2022,08,네덜란드,603
2022,08,싱가포르,702
2022,08,스페인,963
2022,08,뉴질랜드,704
2022,08,브라질,1186
2022,08,카메룬,808
2022,08,이탈리아,915
2022,08,에티오피아,1062
2022,08,사우디아라비아,863
2022,08,예멘공화국,1076
2022,08,라오스,1763
2022,08,이란,1250
2022,08,모로코,1353
2022,08,가나,1096
2022,08,시리아,1558
2022,08,오스트레일리아,1727
2022,08,홍콩,2028
2022,08,독일,2570
2022,08,티모르민주공화국,2771
2022,08,나이지리아,2455
2022,08,남아프리카공화국,3085
2022,08,이집트,2496
2022,08,우크라이나,2934
2022,08,프랑스,4053
2022,08,말레이시아,3439
2022,08,캐나다,4213
2022,08,영국,4890
2022,08,키르기즈,4850
2022,08,인도,11042
2022,08,파키스탄,10922
2022,08,러시아(연방),14562
2022,08,방글라데시,15623
2022,08,카자흐스탄,14957
2022,08,타이완,17579
2022,08,스리랑카,19617
2022,08,일본,25714
2022,08,몽골,25777
2022,08,미국,30337
2022,08,미얀마,26941
2022,08,태국,32459
2022,08,인도네시아,34850
2022,08,네팔,38794
2022,08,캄보디아,41273
2022,08,필리핀,41187
2022,08,우즈베키스탄,44668
2022,08,베트남,187086
2022,08,한국계중국인,242741
2022,08,중국,169872
2022,09,홍콩거주난민,2
2022,09,튀르키예,2600
2022,09,영국외지시민,1
2022,09,세인트빈센트그레나딘,1
2022,09,북마케도니아,15
2022,09,마샬군도,6
2022,09,교황청,2
2022,09,가이아나,9
2022,09,세이셸,2
2022,09,세인트루시아,2
2022,09,수리남,1
2022,09,앤티카바부다,1
2022,09,지부티,2
2022,09,나우루,3
2022,09,바베이도스,4
2022,09,통가,1
2022,09,파푸아뉴기니,10
2022,09,나미비아,1
2022,09,도미니카연방,5
2022,09,벨리즈,5
2022,09,팔라우,2
2022,09,몰디브,3
2022,09,코모로,1
2022,09,레소토,5
2022,09,바누아투,12
2022,09,코소보,4
2022,09,몬테네그로,12
2022,09,바하마,4
2022,09,적도기니,9
2022,09,니제르,7
2022,09,몰타,7
2022,09,보스니아-헤르체고비나,10
2022,09,중앙아프리카공화국,9
2022,09,솔로몬군도,3
2022,09,모리타니,12
2022,09,세인트크리스토퍼네비스,10
2022,09,아이슬란드,9
2022,09,에리트레아,13
2022,09,차드,9
2022,09,남수단공화국,26
2022,09,소말리아,21
2022,09,에스와티니,14
2022,09,키프로스,15
2022,09,바레인,12
2022,09,기니비사우,17
2022,09,룩셈부르크,24
2022,09,트리니다드토바고,19
2022,09,모리셔스,14
2022,09,알바니아,25
2022,09,카타르,43
2022,09,말라위,35
2022,09,보츠와나,17
2022,09,국제연합,34
2022,09,콩고,23
2022,09,우루과이,33
2022,09,베냉,16
2022,09,니카라과,39
2022,09,마다가스카르,26
2022,09,아이티,176
2022,09,부탄,46
2022,09,에스토니아,37
2022,09,레바논,39
2022,09,오만,65
2022,09,슬로베니아,52
2022,09,쿠바,36
2022,09,라트비아,79
2022,09,몰도바,46
2022,09,자메이카,36
2022,09,부르키나파소,42
2022,09,온두라스,45
2022,09,세르비아,74
2022,09,영국외지민,72
2022,09,토고,43
2022,09,미등록국가,31
2022,09,슬로바크,72
2022,09,코스타리카,76
2022,09,조지아,92
2022,09,팔레스타인,65
2022,09,모잠비크,43
2022,09,파나마,73
2022,09,엘살바도르,61
2022,09,크로아티아,84
2022,09,아르메니아,68
2022,09,피지,45
2022,09,가봉,81
2022,09,브루나이,109
2022,09,도미니카공화국,71
2022,09,볼리비아,62
2022,09,시에라리온,82
2022,09,과테말라,75
2022,09,파라과이,78
2022,09,쿠웨이트,59
2022,09,리투아니아,121
2022,09,잠비아,88
2022,09,짐바브웨,100
2022,09,마카오,82
2022,09,부룬디,174
2022,09,무국적,120
2022,09,아르헨티나,179
2022,09,불가리아,134
2022,09,체코,212
2022,09,감비아,122
2022,09,포르투갈,179
2022,09,앙골라,141
2022,09,이스라엘,195
2022,09,코트디부아르,179
2022,09,베네수엘라,165
2022,09,헝가리,212
2022,09,칠레,228
2022,09,핀란드,273
2022,09,아제르바이잔,272
2022,09,루마니아,252
2022,09,오스트리아,243
2022,09,말리,215
2022,09,그리스,193
2022,09,콩고민주공화국,258
2022,09,벨로루시,273
2022,09,덴마크,320
2022,09,에콰도르,236
2022,09,르완다,307
2022,09,스위스,334
2022,09,탄자니아,373
2022,09,수단,284
2022,09,기니,260
2022,09,노르웨이,280
2022,09,튀니지,313
2022,09,투르크메니스탄,231
2022,09,요르단,461
2022,09,이라크,423
2022,09,벨기에,422
2022,09,아프가니스탄,831
2022,09,페루,455
2022,09,세네갈,324
2022,09,케냐,427
2022,09,콜롬비아,525
2022,09,폴란드,521
2022,09,리비아,642
2022,09,스웨덴,534
2022,09,알제리,440
2022,09,우간다,506
2022,09,라이베리아,470
2022,09,타지키스탄,738
2022,09,아랍에미리트연합,450
2022,09,멕시코,841
2022,09,아일랜드,657
2022,09,네덜란드,744
2022,09,싱가포르,766
2022,09,스페인,1062
2022,09,뉴질랜드,706
2022,09,브라질,1224
2022,09,카메룬,823
2022,09,이탈리아,993
2022,09,에티오피아,1089
2022,09,사우디아라비아,864
2022,09,예멘공화국,1084
2022,09,라오스,1771
2022,09,이란,1247
2022,09,모로코,1418
2022,09,가나,1138
2022,09,시리아,1573
2022,09,오스트레일리아,1767
2022,09,홍콩,2066
2022,09,독일,3036
2022,09,티모르민주공화국,2849
2022,09,나이지리아,2505
2022,09,남아프리카공화국,3169
2022,09,이집트,2514
2022,09,우크라이나,3015
2022,09,프랑스,4726
2022,09,말레이시아,3573
2022,09,캐나다,4232
2022,09,영국,4972
2022,09,키르기즈,4995
2022,09,인도,11503
2022,09,파키스탄,11099
2022,09,러시아(연방),14891
2022,09,방글라데시,16006
2022,09,카자흐스탄,15762
2022,09,타이완,17691
2022,09,스리랑카,20051
2022,09,일본,26156
2022,09,몽골,26194
2022,09,미국,30877
2022,09,미얀마,27864
2022,09,태국,32756
2022,09,인도네시아,36618
2022,09,네팔,40235
2022,09,캄보디아,41921
2022,09,필리핀,41384
2022,09,우즈베키스탄,46178
2022,09,베트남,189654
2022,09,한국계중국인,240873
2022,09,중국,173365
2022,10,홍콩거주난민,3
2022,10,튀르키예,2660
2022,10,영국외지시민,1
2022,10,세인트빈센트그레나딘,1
2022,10,북마케도니아,14
2022,10,마샬군도,6
2022,10,국적불명,1
2022,10,교황청,2
2022,10,가이아나,9
2022,10,세이셸,2
2022,10,세인트루시아,2
2022,10,수리남,1
2022,10,앤티카바부다,1
2022,10,지부티,1
2022,10,나우루,3
2022,10,바베이도스,4
2022,10,통가,1
2022,10,파푸아뉴기니,9
2022,10,나미비아,1
2022,10,도미니카연방,5
2022,10,벨리즈,5
2022,10,팔라우,2
2022,10,몰디브,4
2022,10,코모로,1
2022,10,레소토,5
2022,10,바누아투,12
2022,10,코소보,4
2022,10,몬테네그로,11
2022,10,바하마,4
2022,10,적도기니,8
2022,10,니제르,7
2022,10,몰타,7
2022,10,보스니아-헤르체고비나,9
2022,10,중앙아프리카공화국,9
2022,10,솔로몬군도,4
2022,10,모리타니,12
2022,10,세인트크리스토퍼네비스,11
2022,10,아이슬란드,14
2022,10,에리트레아,13
2022,10,차드,10
2022,10,남수단공화국,30
2022,10,소말리아,24
2022,10,에스와티니,12
2022,10,키프로스,13
2022,10,바레인,13
2022,10,기니비사우,16
2022,10,룩셈부르크,27
2022,10,트리니다드토바고,19
2022,10,모리셔스,17
2022,10,알바니아,24
2022,10,카타르,43
2022,10,말라위,40
2022,10,보츠와나,17
2022,10,국제연합,35
2022,10,콩고,24
2022,10,우루과이,34
2022,10,베냉,15
2022,10,니카라과,38
2022,10,마다가스카르,25
2022,10,아이티,186
2022,10,부탄,46
2022,10,에스토니아,42
2022,10,레바논,38
2022,10,오만,70
2022,10,슬로베니아,51
2022,10,쿠바,36
2022,10,라트비아,79
2022,10,몰도바,51
2022,10,자메이카,36
2022,10,부르키나파소,42
2022,10,온두라스,47
2022,10,세르비아,74
2022,10,영국외지민,77
2022,10,토고,40
2022,10,미등록국가,30
2022,10,슬로바크,77
2022,10,코스타리카,78
2022,10,조지아,91
2022,10,팔레스타인,70
2022,10,모잠비크,51
2022,10,파나마,74
2022,10,엘살바도르,66
2022,10,크로아티아,91
2022,10,아르메니아,69
2022,10,피지,43
2022,10,가봉,84
2022,10,브루나이,114
2022,10,도미니카공화국,71
2022,10,볼리비아,64
2022,10,시에라리온,82
2022,10,과테말라,77
2022,10,파라과이,78
2022,10,쿠웨이트,58
2022,10,리투아니아,127
2022,10,잠비아,88
2022,10,짐바브웨,104
2022,10,마카오,83
2022,10,부룬디,189
2022,10,무국적,123
2022,10,아르헨티나,176
2022,10,불가리아,129
2022,10,체코,207
2022,10,감비아,122
2022,10,포르투갈,174
2022,10,앙골라,144
2022,10,이스라엘,200
2022,10,코트디부아르,179
2022,10,베네수엘라,166
2022,10,헝가리,225
2022,10,칠레,234
2022,10,핀란드,282
2022,10,아제르바이잔,283
2022,10,루마니아,260
2022,10,오스트리아,258
2022,10,말리,222
2022,10,그리스,206
2022,10,콩고민주공화국,267
2022,10,벨로루시,279
2022,10,덴마크,361
2022,10,에콰도르,246
2022,10,르완다,316
2022,10,스위스,339
2022,10,탄자니아,397
2022,10,수단,281
2022,10,기니,260
2022,10,노르웨이,290
2022,10,튀니지,315
2022,10,투르크메니스탄,235
2022,10,요르단,468
2022,10,이라크,432
2022,10,벨기에,442
2022,10,아프가니스탄,828
2022,10,페루,467
2022,10,세네갈,322
2022,10,케냐,436
2022,10,콜롬비아,530
2022,10,폴란드,508
2022,10,리비아,646
2022,10,스웨덴,570
2022,10,알제리,446
2022,10,우간다,525
2022,10,라이베리아,475
2022,10,타지키스탄,752
2022,10,아랍에미리트연합,481
2022,10,멕시코,904
2022,10,아일랜드,643
2022,10,네덜란드,827
2022,10,싱가포르,823
2022,10,스페인,1038
2022,10,뉴질랜드,708
2022,10,브라질,1241
2022,10,카메룬,827
2022,10,이탈리아,1027
2022,10,에티오피아,1098
2022,10,사우디아라비아,914
2022,10,예멘공화국,1082
2022,10,라오스,1760
2022,10,이란,1252
2022,10,모로코,1429
2022,10,가나,1162
2022,10,시리아,1590
2022,10,오스트레일리아,1811
2022,10,홍콩,2122
2022,10,독일,3280
2022,10,티모르민주공화국,2932
2022,10,나이지리아,2525
2022,10,남아프리카공화국,3211
2022,10,이집트,2511
2022,10,우크라이나,3099
2022,10,프랑스,4427
2022,10,말레이시아,3600
2022,10,캐나다,4309
2022,10,영국,5022
2022,10,키르기즈,5178
2022,10,인도,11803
2022,10,파키스탄,11292
2022,10,러시아(연방),15153
2022,10,방글라데시,16327
2022,10,카자흐스탄,16369
2022,10,타이완,17789
2022,10,스리랑카,20439
2022,10,일본,26811
2022,10,몽골,26922
2022,10,미국,31327
2022,10,미얀마,28955
2022,10,태국,32860
2022,10,인도네시아,37912
2022,10,네팔,41868
2022,10,캄보디아,42536
2022,10,필리핀,41221
2022,10,우즈베키스탄,47427
2022,10,베트남,192233
2022,10,한국계중국인,239451
2022,10,중국,175589
2022,11,홍콩거주난민,3
2022,11,튀르키예,2735
2022,11,영국외지시민,1
2022,11,세인트빈센트그레나딘,1
2022,11,사모아,1
2022,11,북마케도니아,14
2022,11,마샬군도,7
2022,11,국적불명,1
2022,11,교황청,2
2022,11,가이아나,9
2022,11,세이셸,2
2022,11,세인트루시아,2
2022,11,수리남,1
2022,11,앤티카바부다,1
2022,11,지부티,1
2022,11,나우루,3
2022,11,바베이도스,4
2022,11,통가,1
2022,11,파푸아뉴기니,9
2022,11,나미비아,2
2022,11,도미니카연방,5
2022,11,벨리즈,5
2022,11,팔라우,2
2022,11,몰디브,4
2022,11,코모로,2
2022,11,레소토,5
2022,11,바누아투,12
2022,11,코소보,4
2022,11,몬테네그로,11
2022,11,바하마,4
2022,11,적도기니,8
2022,11,니제르,7
2022,11,몰타,7
2022,11,보스니아-헤르체고비나,10
2022,11,중앙아프리카공화국,9
2022,11,솔로몬군도,4
2022,11,모리타니,12
2022,11,세인트크리스토퍼네비스,11
2022,11,아이슬란드,14
2022,11,에리트레아,13
2022,11,차드,10
2022,11,남수단공화국,30
2022,11,소말리아,24
2022,11,에스와티니,12
2022,11,키프로스,14
2022,11,바레인,14
2022,11,기니비사우,16
2022,11,룩셈부르크,31
2022,11,트리니다드토바고,21
2022,11,모리셔스,18
2022,11,알바니아,25
2022,11,카타르,43
2022,11,말라위,44
2022,11,보츠와나,18
2022,11,국제연합,35
2022,11,콩고,25
2022,11,우루과이,34
2022,11,베냉,16
2022,11,니카라과,39
2022,11,마다가스카르,26
2022,11,아이티,188
2022,11,부탄,46
2022,11,에스토니아,44
2022,11,레바논,38
2022,11,오만,71
2022,11,슬로베니아,52
2022,11,쿠바,36
2022,11,라트비아,82
2022,11,몰도바,49
2022,11,자메이카,38
2022,11,부르키나파소,43
2022,11,온두라스,45
2022,11,세르비아,71
2022,11,영국외지민,75
2022,11,토고,38
2022,11,미등록국가,31
2022,11,슬로바크,79
2022,11,코스타리카,78
2022,11,조지아,91
2022,11,팔레스타인,76
2022,11,모잠비크,51
2022,11,파나마,75
2022,11,엘살바도르,67
2022,11,크로아티아,93
2022,11,아르메니아,69
2022,11,피지,44
2022,11,가봉,83
2022,11,브루나이,138
2022,11,도미니카공화국,72
2022,11,볼리비아,70
2022,11,시에라리온,83
2022,11,과테말라,80
2022,11,파라과이,77
2022,11,쿠웨이트,50
2022,11,리투아니아,133
2022,11,잠비아,88
2022,11,짐바브웨,106
2022,11,마카오,90
2022,11,부룬디,204
2022,11,무국적,121
2022,11,아르헨티나,206
2022,11,불가리아,132
2022,11,체코,223
2022,11,감비아,125
2022,11,포르투갈,178
2022,11,앙골라,145
2022,11,이스라엘,203
2022,11,코트디부아르,181
2022,11,베네수엘라,170
2022,11,헝가리,224
2022,11,칠레,241
2022,11,핀란드,304
2022,11,아제르바이잔,292
2022,11,루마니아,268
2022,11,오스트리아,277
2022,11,말리,232
2022,11,그리스,220
2022,11,콩고민주공화국,274
2022,11,벨로루시,288
2022,11,덴마크,388
2022,11,에콰도르,250
2022,11,르완다,323
2022,11,스위스,372
2022,11,탄자니아,446
2022,11,수단,288
2022,11,기니,259
2022,11,노르웨이,301
2022,11,튀니지,322
2022,11,투르크메니스탄,238
2022,11,요르단,473
2022,11,이라크,446
2022,11,벨기에,480
2022,11,아프가니스탄,829
2022,11,페루,473
2022,11,세네갈,321
2022,11,케냐,452
2022,11,콜롬비아,536
2022,11,폴란드,525
2022,11,리비아,660
2022,11,스웨덴,620
2022,11,알제리,453
2022,11,우간다,546
2022,11,라이베리아,476
2022,11,타지키스탄,782
2022,11,아랍에미리트연합,504
2022,11,멕시코,942
2022,11,아일랜드,647
2022,11,네덜란드,925
2022,11,싱가포르,854
2022,11,스페인,1151
2022,11,뉴질랜드,704
2022,11,브라질,1261
2022,11,카메룬,836
2022,11,이탈리아,1078
2022,11,에티오피아,1117
2022,11,사우디아라비아,918
2022,11,예멘공화국,1092
2022,11,라오스,1830
2022,11,이란,1272
2022,11,모로코,1469
2022,11,가나,1162
2022,11,시리아,1608
2022,11,오스트레일리아,1853
2022,11,홍콩,2165
2022,11,독일,3496
2022,11,티모르민주공화국,3025
2022,11,나이지리아,2533
2022,11,남아프리카공화국,3298
2022,11,이집트,2509
2022,11,우크라이나,3166
2022,11,프랑스,4962
2022,11,말레이시아,3657
2022,11,캐나다,4387
2022,11,영국,5109
2022,11,키르기즈,5324
2022,11,인도,12091
2022,11,파키스탄,11614
2022,11,러시아(연방),15577
2022,11,방글라데시,16879
2022,11,카자흐스탄,16828
2022,11,타이완,17779
2022,11,스리랑카,21344
2022,11,일본,26945
2022,11,몽골,27385
2022,11,미국,31699
2022,11,미얀마,30047
2022,11,태국,33202
2022,11,인도네시아,39390
2022,11,네팔,43587
2022,11,캄보디아,44097
2022,11,필리핀,42112
2022,11,우즈베키스탄,48700
2022,11,베트남,195710
2022,11,한국계중국인,238177
2022,11,중국,180664
2022,12,홍콩거주난민,2
2022,12,튀르키예,2772
2022,12,영국외지시민,1
2022,12,세인트빈센트그레나딘,1
2022,12,사모아,1
2022,12,북마케도니아,14
2022,12,마샬군도,7
2022,12,교황청,2
2022,12,가이아나,11
2022,12,세이셸,2
2022,12,세인트루시아,2
2022,12,수리남,1
2022,12,앤티카바부다,1
2022,12,지부티,1
2022,12,그레나다,1
2022,12,나우루,3
2022,12,바베이도스,4
2022,12,파푸아뉴기니,6
2022,12,나미비아,2
2022,12,도미니카연방,6
2022,12,벨리즈,5
2022,12,팔라우,2
2022,12,몰디브,3
2022,12,코모로,2
2022,12,레소토,5
2022,12,바누아투,12
2022,12,코소보,4
2022,12,몬테네그로,11
2022,12,바하마,4
2022,12,적도기니,8
2022,12,니제르,7
2022,12,몰타,8
2022,12,보스니아-헤르체고비나,10
2022,12,중앙아프리카공화국,10
2022,12,솔로몬군도,4
2022,12,모리타니,12
2022,12,세인트크리스토퍼네비스,11
2022,12,아이슬란드,10
2022,12,에리트레아,13
2022,12,차드,11
2022,12,남수단공화국,31
2022,12,소말리아,25
2022,12,에스와티니,12
2022,12,키프로스,14
2022,12,바레인,14
2022,12,기니비사우,14
2022,12,룩셈부르크,30
2022,12,트리니다드토바고,21
2022,12,모리셔스,19
2022,12,알바니아,23
2022,12,카타르,42
2022,12,말라위,40
2022,12,보츠와나,18
2022,12,국제연합,35
2022,12,콩고,25
2022,12,우루과이,33
2022,12,베냉,16
2022,12,니카라과,39
2022,12,마다가스카르,26
2022,12,아이티,188
2022,12,부탄,42
2022,12,에스토니아,42
2022,12,레바논,35
2022,12,오만,69
2022,12,슬로베니아,51
2022,12,쿠바,35
2022,12,라트비아,78
2022,12,몰도바,48
2022,12,자메이카,37
2022,12,부르키나파소,42
2022,12,온두라스,46
2022,12,세르비아,69
2022,12,영국외지민,79
2022,12,토고,39
2022,12,미등록국가,32
2022,12,슬로바크,72
2022,12,코스타리카,77
2022,12,조지아,91
2022,12,팔레스타인,75
2022,12,모잠비크,48
2022,12,파나마,75
2022,12,엘살바도르,64
2022,12,크로아티아,91
2022,12,아르메니아,68
2022,12,피지,44
2022,12,가봉,81
2022,12,브루나이,120
2022,12,도미니카공화국,69
2022,12,볼리비아,69
2022,12,시에라리온,84
2022,12,과테말라,78
2022,12,파라과이,74
2022,12,쿠웨이트,52
2022,12,리투아니아,116
2022,12,잠비아,90
2022,12,짐바브웨,106
2022,12,마카오,90
2022,12,부룬디,208
2022,12,무국적,122
2022,12,아르헨티나,204
2022,12,불가리아,130
2022,12,체코,190
2022,12,감비아,129
2022,12,포르투갈,177
2022,12,앙골라,148
2022,12,이스라엘,200
2022,12,코트디부아르,183
2022,12,베네수엘라,166
2022,12,헝가리,204
2022,12,칠레,238
2022,12,핀란드,251
2022,12,아제르바이잔,287
2022,12,루마니아,266
2022,12,오스트리아,256
2022,12,말리,235
2022,12,그리스,219
2022,12,콩고민주공화국,278
2022,12,벨로루시,291
2022,12,덴마크,345
2022,12,에콰도르,247
2022,12,르완다,320
2022,12,스위스,346
2022,12,탄자니아,454
2022,12,수단,294
2022,12,기니,255
2022,12,노르웨이,285
2022,12,튀니지,338
2022,12,투르크메니스탄,240
2022,12,요르단,481
2022,12,이라크,433
2022,12,벨기에,459
2022,12,아프가니스탄,832
2022,12,페루,472
2022,12,세네갈,317
2022,12,케냐,458
2022,12,콜롬비아,527
2022,12,폴란드,512
2022,12,리비아,677
2022,12,스웨덴,576
2022,12,알제리,451
2022,12,우간다,551
2022,12,라이베리아,472
2022,12,타지키스탄,797
2022,12,아랍에미리트연합,502
2022,12,멕시코,855
2022,12,아일랜드,644
2022,12,네덜란드,806
2022,12,싱가포르,799
2022,12,스페인,1101
2022,12,뉴질랜드,706
2022,12,브라질,1244
2022,12,카메룬,826
2022,12,이탈리아,1051
2022,12,에티오피아,1117
2022,12,사우디아라비아,925
2022,12,예멘공화국,1098
2022,12,라오스,1908
2022,12,이란,1286
2022,12,모로코,1487
2022,12,가나,1163
2022,12,시리아,1617
2022,12,오스트레일리아,1819
2022,12,홍콩,2126
2022,12,독일,3187
2022,12,티모르민주공화국,3097
2022,12,나이지리아,2522
2022,12,남아프리카공화국,3335
2022,12,이집트,2514
2022,12,우크라이나,3191
2022,12,프랑스,4852
2022,12,말레이시아,3612
2022,12,캐나다,4349
2022,12,영국,5125
2022,12,키르기즈,5525
2022,12,인도,12267
2022,12,파키스탄,11806
2022,12,러시아(연방),15835
2022,12,방글라데시,17539
2022,12,카자흐스탄,17239
2022,12,타이완,17683
2022,12,스리랑카,22282
2022,12,일본,26656
2022,12,몽골,27884
2022,12,미국,31000
2022,12,미얀마,30805
2022,12,태국,33775
2022,12,인도네시아,40291
2022,12,네팔,44755
2022,12,캄보디아,45231
2022,12,필리핀,43020
2022,12,우즈베키스탄,49149
2022,12,베트남,196883
2022,12,한국계중국인,237869
2022,12,중국,181571
2023,01,홍콩거주난민,2
2023,01,튀르키예,2754
2023,01,영국외지시민,1
2023,01,세인트빈센트그레나딘,1
2023,01,북마케도니아,13
2023,01,마샬군도,7
2023,01,교황청,2
2023,01,가이아나,10
2023,01,세이셸,2
2023,01,세인트루시아,2
2023,01,수리남,1
2023,01,앤티카바부다,1
2023,01,지부티,1
2023,01,그레나다,1
2023,01,나우루,2
2023,01,바베이도스,4
2023,01,파푸아뉴기니,5
2023,01,나미비아,2
2023,01,도미니카연방,6
2023,01,벨리즈,3
2023,01,팔라우,2
2023,01,몰디브,3
2023,01,코모로,3
2023,01,레소토,5
2023,01,바누아투,12
2023,01,코소보,4
2023,01,몬테네그로,10
2023,01,바하마,4
2023,01,적도기니,9
2023,01,니제르,6
2023,01,몰타,8
2023,01,보스니아-헤르체고비나,8
2023,01,중앙아프리카공화국,10
2023,01,솔로몬군도,5
2023,01,모리타니,12
2023,01,세인트크리스토퍼네비스,10
2023,01,아이슬란드,10
2023,01,에리트레아,12
2023,01,차드,11
2023,01,남수단공화국,30
2023,01,소말리아,23
2023,01,에스와티니,12
2023,01,키프로스,14
2023,01,바레인,15
2023,01,기니비사우,14
2023,01,룩셈부르크,30
2023,01,트리니다드토바고,22
2023,01,모리셔스,17
2023,01,알바니아,24
2023,01,카타르,44
2023,01,말라위,38
2023,01,보츠와나,19
2023,01,국제연합,35
2023,01,콩고,25
2023,01,우루과이,32
2023,01,베냉,16
2023,01,니카라과,39
2023,01,마다가스카르,26
2023,01,아이티,189
2023,01,부탄,41
2023,01,에스토니아,41
2023,01,레바논,37
2023,01,오만,62
2023,01,슬로베니아,49
2023,01,쿠바,36
2023,01,라트비아,76
2023,01,몰도바,48
2023,01,자메이카,38
2023,01,부르키나파소,42
2023,01,온두라스,47
2023,01,세르비아,67
2023,01,영국외지민,76
2023,01,토고,39
2023,01,미등록국가,31
2023,01,슬로바크,68
2023,01,코스타리카,74
2023,01,조지아,94
2023,01,팔레스타인,75
2023,01,모잠비크,46
2023,01,파나마,75
2023,01,엘살바도르,63
2023,01,크로아티아,81
2023,01,아르메니아,69
2023,01,피지,43
2023,01,가봉,80
2023,01,브루나이,101
2023,01,도미니카공화국,63
2023,01,볼리비아,68
2023,01,시에라리온,84
2023,01,과테말라,74
2023,01,파라과이,71
2023,01,쿠웨이트,53
2023,01,리투아니아,108
2023,01,잠비아,94
2023,01,짐바브웨,103
2023,01,마카오,92
2023,01,부룬디,211
2023,01,무국적,123
2023,01,아르헨티나,185
2023,01,불가리아,128
2023,01,체코,171
2023,01,감비아,131
2023,01,포르투갈,160
2023,01,앙골라,146
2023,01,이스라엘,199
2023,01,코트디부아르,182
2023,01,베네수엘라,161
2023,01,헝가리,202
2023,01,칠레,240
2023,01,핀란드,224
2023,01,아제르바이잔,290
2023,01,루마니아,265
2023,01,오스트리아,243
2023,01,말리,237
2023,01,그리스,203
2023,01,콩고민주공화국,280
2023,01,벨로루시,297
2023,01,덴마크,316
2023,01,에콰도르,245
2023,01,르완다,334
2023,01,스위스,321
2023,01,탄자니아,450
2023,01,수단,293
2023,01,기니,253
2023,01,노르웨이,288
2023,01,튀니지,369
2023,01,투르크메니스탄,248
2023,01,요르단,492
2023,01,이라크,431
2023,01,벨기에,431
2023,01,아프가니스탄,835
2023,01,페루,475
2023,01,세네갈,321
2023,01,케냐,474
2023,01,콜롬비아,517
2023,01,폴란드,510
2023,01,리비아,695
2023,01,스웨덴,535
2023,01,알제리,449
2023,01,우간다,553
2023,01,라이베리아,471
2023,01,타지키스탄,805
2023,01,아랍에미리트연합,486
2023,01,멕시코,770
2023,01,아일랜드,642
2023,01,네덜란드,686
2023,01,싱가포르,747
2023,01,스페인,1051
2023,01,뉴질랜드,703
2023,01,브라질,1229
2023,01,카메룬,823
2023,01,이탈리아,1005
2023,01,에티오피아,1121
2023,01,사우디아라비아,940
2023,01,예멘공화국,1107
2023,01,라오스,1990
2023,01,이란,1285
2023,01,모로코,1498
2023,01,가나,1160
2023,01,시리아,1637
2023,01,오스트레일리아,1809
2023,01,홍콩,2097
2023,01,독일,2834
2023,01,티모르민주공화국,3151
2023,01,나이지리아,2519
2023,01,남아프리카공화국,3391
2023,01,이집트,2502
2023,01,우크라이나,3180
2023,01,프랑스,4838
2023,01,말레이시아,3528
2023,01,캐나다,4326
2023,01,영국,5150
2023,01,키르기즈,5633
2023,01,인도,12264
2023,01,파키스탄,11946
2023,01,러시아(연방),16189
2023,01,방글라데시,17964
2023,01,카자흐스탄,17601
2023,01,타이완,17561
2023,01,스리랑카,22977
2023,01,일본,26602
2023,01,몽골,28345
2023,01,미국,30909
2023,01,미얀마,31186
2023,01,태국,34219
2023,01,인도네시아,40772
2023,01,네팔,44508
2023,01,캄보디아,46161
2023,01,필리핀,43734
2023,01,우즈베키스탄,49336
2023,01,베트남,198034
2023,01,한국계중국인,237025
2023,01,중국,182654
2023,02,한국계중국인,236664
2023,02,베트남,198795
2023,02,중국,181979
2023,02,우즈베키스탄,49436
2023,02,캄보디아,46778
2023,02,네팔,44877
2023,02,필리핀,44212
2023,02,인도네시아,41294
2023,02,태국,34628
2023,02,미얀마,31293
2023,02,미국,30897
2023,02,몽골,28367
2023,02,일본,25600
2023,02,스리랑카,23659
2023,02,방글라데시,18575
2023,02,카자흐스탄,17870
2023,02,타이완,17454
2023,02,러시아(연방),16514
2023,02,인도,12216
2023,02,파키스탄,12067
2023,02,키르기즈,5718
2023,02,영국,5082
2023,02,프랑스,4827
2023,02,캐나다,4263
2023,02,말레이시아,3474
2023,02,남아프리카공화국,3443
2023,02,티모르민주공화국,3240
2023,02,우크라이나,3180
2023,02,튀르키예,2780
2023,02,독일,2727
2023,02,나이지리아,2511
2023,02,이집트,2507
2023,02,홍콩,2067
2023,02,라오스,2044
2023,02,오스트레일리아,1799
2023,02,시리아,1638
2023,02,모로코,1511
2023,02,이란,1281
2023,02,브라질,1270
2023,02,가나,1169
2023,02,에티오피아,1142
2023,02,예멘공화국,1114
2023,02,스페인,1043
2023,02,이탈리아,998
2023,02,사우디아라비아,883
2023,02,아프가니스탄,848
2023,02,타지키스탄,825
2023,02,카메룬,817
2023,02,멕시코,764
2023,02,싱가포르,743
2023,02,뉴질랜드,705
2023,02,리비아,698
2023,02,네덜란드,669
2023,02,아일랜드,625
2023,02,우간다,552
2023,02,콜롬비아,521
2023,02,스웨덴,521
2023,02,폴란드,495
2023,02,요르단,492
2023,02,케냐,490
2023,02,페루,475
2023,02,라이베리아,472
2023,02,아랍에미리트연합,461
2023,02,탄자니아,454
2023,02,알제리,445
2023,02,이라크,436
2023,02,벨기에,422
2023,02,튀니지,383
2023,02,르완다,342
2023,02,세네갈,321
2023,02,스위스,315
2023,02,덴마크,304
2023,02,수단,303
2023,02,벨로루시,300
2023,02,아제르바이잔,294
2023,02,노르웨이,294
2023,02,콩고민주공화국,281
2023,02,투르크메니스탄,264
2023,02,루마니아,262
2023,02,기니,249
2023,02,오스트리아,245
2023,02,말리,241
2023,02,에콰도르,240
2023,02,칠레,234
2023,02,핀란드,217
2023,02,부룬디,216
2023,02,이스라엘,202
2023,02,헝가리,202
2023,02,그리스,196
2023,02,아이티,190
2023,02,아르헨티나,184
2023,02,코트디부아르,181
2023,02,체코,171
2023,02,베네수엘라,162
2023,02,포르투갈,160
2023,02,앙골라,145
2023,02,감비아,131
2023,02,불가리아,126
2023,02,무국적,125
2023,02,리투아니아,110
2023,02,짐바브웨,106
2023,02,브루나이,97
2023,02,잠비아,96
2023,02,조지아,90
2023,02,마카오,89
2023,02,시에라리온,87
2023,02,크로아티아,80
2023,02,가봉,80
2023,02,영국외지민,78
2023,02,팔레스타인,77
2023,02,파나마,76
2023,02,라트비아,75
2023,02,코스타리카,74
2023,02,과테말라,73
2023,02,파라과이,71
2023,02,볼리비아,70
2023,02,세르비아,69
2023,02,아르메니아,68
2023,02,슬로바크,67
2023,02,엘살바도르,64
2023,02,도미니카공화국,63
2023,02,오만,56
2023,02,쿠웨이트,49
2023,02,슬로베니아,48
2023,02,몰도바,47
2023,02,온두라스,47
2023,02,모잠비크,47
2023,02,카타르,46
2023,02,말라위,43
2023,02,부르키나파소,43
2023,02,에스토니아,42
2023,02,피지,42
2023,02,니카라과,40
2023,02,부탄,40
2023,02,토고,39
2023,02,국제연합,37
2023,02,레바논,37
2023,02,쿠바,36
2023,02,자메이카,35
2023,02,우루과이,34
2023,02,남수단공화국,30
2023,02,룩셈부르크,29
2023,02,미등록국가,29
2023,02,소말리아,28
2023,02,콩고,26
2023,02,마다가스카르,26
2023,02,알바니아,23
2023,02,트리니다드토바고,22
2023,02,보츠와나,20
2023,02,모리셔스,17
2023,02,베냉,16
2023,02,키프로스,14
2023,02,북마케도니아,13
2023,02,바누아투,13
2023,02,바레인,13
2023,02,모리타니,12
2023,02,에리트레아,12
2023,02,에스와티니,12
2023,02,기니비사우,12
2023,02,중앙아프리카공화국,11
2023,02,차드,11
2023,02,가이아나,10
2023,02,몬테네그로,10
2023,02,세인트크리스토퍼네비스,10
2023,02,적도기니,9
2023,02,아이슬란드,9
2023,02,몰타,8
2023,02,보스니아-헤르체고비나,8
2023,02,마샬군도,7
2023,02,니제르,7
2023,02,도미니카연방,6
2023,02,파푸아뉴기니,5
2023,02,레소토,5
2023,02,솔로몬군도,5
2023,02,바베이도스,4
2023,02,코소보,4
2023,02,바하마,4
2023,02,벨리즈,3
2023,02,몰디브,3
2023,02,코모로,3
2023,02,홍콩거주난민,2
2023,02,교황청,2
2023,02,세이셸,2
2023,02,세인트루시아,2
2023,02,나우루,2
2023,02,나미비아,2
2023,02,팔라우,2
2023,02,영국외지시민,1
2023,02,세인트빈센트그레나딘,1
2023,02,수리남,1
2023,02,앤티카바부다,1
2023,02,지부티,1
2023,02,그레나다,1
2023,03,한국계중국인,237604
2023,03,베트남,201224
2023,03,중국,186966
2023,03,우즈베키스탄,50351
2023,03,캄보디아,47138
2023,03,네팔,46371
2023,03,필리핀,44829
2023,03,인도네시아,42653
2023,03,태국,35182
2023,03,미얀마,31802
2023,03,미국,31634
2023,03,몽골,28825
2023,03,일본,26429
2023,03,스리랑카,24533
2023,03,방글라데시,19264
2023,03,카자흐스탄,18181
2023,03,타이완,17781
2023,03,러시아(연방),17183
2023,03,인도,12427
2023,03,파키스탄,12410
2023,03,키르기즈,5883
2023,03,프랑스,5354
2023,03,영국,5160
2023,03,캐나다,4317
2023,03,말레이시아,3683
2023,03,남아프리카공화국,3585
2023,03,티모르민주공화국,3320
2023,03,우크라이나,3200
2023,03,독일,3077
2023,03,튀르키예,2886
2023,03,나이지리아,2533
2023,03,이집트,2526
2023,03,라오스,2379
2023,03,홍콩,2167
2023,03,오스트레일리아,1853
2023,03,시리아,1649
2023,03,모로코,1531
2023,03,브라질,1333
2023,03,이란,1285
2023,03,에티오피아,1182
2023,03,가나,1179
2023,03,예멘공화국,1129
2023,03,스페인,1122
2023,03,이탈리아,1080
2023,03,사우디아라비아,854
2023,03,아프가니스탄,849
2023,03,타지키스탄,839
2023,03,멕시코,827
2023,03,싱가포르,826
2023,03,카메룬,818
2023,03,네덜란드,768
2023,03,뉴질랜드,719
2023,03,리비아,704
2023,03,아일랜드,625
2023,03,콜롬비아,581
2023,03,우간다,560
2023,03,스웨덴,555
2023,03,폴란드,533
2023,03,요르단,500
2023,03,케냐,499
2023,03,페루,491
2023,03,라이베리아,475
2023,03,아랍에미리트연합,470
2023,03,탄자니아,462
2023,03,이라크,450
2023,03,알제리,440
2023,03,벨기에,436
2023,03,튀니지,421
2023,03,르완다,366
2023,03,스위스,357
2023,03,세네갈,325
2023,03,덴마크,323
2023,03,벨라루스,321
2023,03,노르웨이,314
2023,03,수단,308
2023,03,아제르바이잔,306
2023,03,핀란드,304
2023,03,투르크메니스탄,284
2023,03,콩고민주공화국,282
2023,03,루마니아,271
2023,03,오스트리아,260
2023,03,기니,253
2023,03,칠레,251
2023,03,에콰도르,241
2023,03,말리,240
2023,03,부룬디,238
2023,03,헝가리,223
2023,03,체코,210
2023,03,이스라엘,206
2023,03,그리스,203
2023,03,아이티,190
2023,03,코트디부아르,188
2023,03,아르헨티나,185
2023,03,포르투갈,175
2023,03,베네수엘라,167
2023,03,앙골라,147
2023,03,불가리아,141
2023,03,리투아니아,139
2023,03,브루나이,130
2023,03,감비아,130
2023,03,무국적,128
2023,03,짐바브웨,108
2023,03,잠비아,102
2023,03,마카오,100
2023,03,조지아,95
2023,03,시에라리온,87
2023,03,크로아티아,85
2023,03,가봉,81
2023,03,영국외지민,78
2023,03,파나마,78
2023,03,라트비아,77
2023,03,팔레스타인,77
2023,03,슬로바크,76
2023,03,코스타리카,75
2023,03,과테말라,75
2023,03,파라과이,72
2023,03,세르비아,71
2023,03,볼리비아,70
2023,03,아르메니아,69
2023,03,엘살바도르,65
2023,03,도미니카공화국,64
2023,03,오만,60
2023,03,말라위,52
2023,03,몰도바,52
2023,03,슬로베니아,51
2023,03,쿠웨이트,49
2023,03,온두라스,48
2023,03,모잠비크,48
2023,03,카타르,47
2023,03,에스토니아,45
2023,03,부르키나파소,43
2023,03,피지,41
2023,03,니카라과,40
2023,03,부탄,40
2023,03,토고,39
2023,03,레바논,38
2023,03,국제연합,37
2023,03,우루과이,36
2023,03,쿠바,36
2023,03,자메이카,32
2023,03,룩셈부르크,31
2023,03,남수단공화국,30
2023,03,미등록국가,28
2023,03,소말리아,27
2023,03,콩고,25
2023,03,마다가스카르,25
2023,03,알바니아,23
2023,03,트리니다드토바고,21
2023,03,보츠와나,20
2023,03,모리셔스,17
2023,03,베냉,16
2023,03,북마케도니아,14
2023,03,키프로스,14
2023,03,바누아투,13
2023,03,아이슬란드,12
2023,03,에리트레아,12
2023,03,바레인,12
2023,03,기니비사우,12
2023,03,가이아나,11
2023,03,중앙아프리카공화국,11
2023,03,모리타니,11
2023,03,차드,11
2023,03,몬테네그로,10
2023,03,적도기니,10
2023,03,세인트크리스토퍼네비스,10
2023,03,에스와티니,9
2023,03,마샬군도,8
2023,03,몰타,8
2023,03,보스니아-헤르체고비나,8
2023,03,도미니카연방,7
2023,03,니제르,7
2023,03,바베이도스,6
2023,03,파푸아뉴기니,5
2023,03,레소토,5
2023,03,코소보,5
2023,03,솔로몬군도,5
2023,03,세인트루시아,4
2023,03,바하마,4
2023,03,벨리즈,3
2023,03,몰디브,3
2023,03,코모로,3
2023,03,홍콩거주난민,2
2023,03,교황청,2
2023,03,세이셸,2
2023,03,나우루,2
2023,03,나미비아,2
2023,03,팔라우,2
2023,03,키리바시,2
2023,03,영국해외영토시민,1
2023,03,영국외지시민,1
2023,03,세인트빈센트그레나딘,1
2023,03,리히텐슈타인,1
2023,03,수리남,1
2023,03,앤티카바부다,1
2023,03,지부티,1
2023,03,그레나다,1
2023,04,한국계중국인,239085
2023,04,베트남,206105
2023,04,중국,188017
2023,04,우즈베키스탄,51090
2023,04,캄보디아,47855
2023,04,네팔,47482
2023,04,필리핀,45582
2023,04,인도네시아,43149
2023,04,태국,35730
2023,04,미얀마,32196
2023,04,미국,31964
2023,04,몽골,29432
2023,04,일본,26783
2023,04,스리랑카,24942
2023,04,방글라데시,19899
2023,04,카자흐스탄,18357
2023,04,타이완,17803
2023,04,러시아(연방),17579
2023,04,파키스탄,12622
2023,04,인도,12447
2023,04,키르기즈,5993
2023,04,프랑스,5454
2023,04,영국,5218
2023,04,캐나다,4307
2023,04,말레이시아,3697
2023,04,남아프리카공화국,3660
2023,04,티모르민주공화국,3395
2023,04,우크라이나,3210
2023,04,독일,3003
2023,04,튀르키예,2908
2023,04,나이지리아,2522
2023,04,라오스,2517
2023,04,이집트,2514
2023,04,홍콩,2211
2023,04,오스트레일리아,1868
2023,04,시리아,1664
2023,04,모로코,1561
2023,04,브라질,1342
2023,04,이란,1278
2023,04,에티오피아,1191
2023,04,가나,1162
2023,04,예멘공화국,1130
2023,04,이탈리아,1105
2023,04,스페인,1093
2023,04,타지키스탄,865
2023,04,아프가니스탄,851
2023,04,멕시코,841
2023,04,사우디아라비아,829
2023,04,싱가포르,827
2023,04,카메룬,793
2023,04,뉴질랜드,721
2023,04,네덜란드,707
2023,04,리비아,703
2023,04,아일랜드,630
2023,04,콜롬비아,584
2023,04,우간다,552
2023,04,폴란드,551
2023,04,스웨덴,551
2023,04,요르단,503
2023,04,케냐,502
2023,04,페루,482
2023,04,라이베리아,475
2023,04,이라크,462
2023,04,튀니지,451
2023,04,아랍에미리트연합,447
2023,04,알제리,441
2023,04,벨기에,432
2023,04,탄자니아,429
2023,04,르완다,388
2023,04,스위스,367
2023,04,세네갈,322
2023,04,벨라루스,321
2023,04,핀란드,315
2023,04,수단,308
2023,04,노르웨이,308
2023,04,아제르바이잔,302
2023,04,덴마크,300
2023,04,투르크메니스탄,293
2023,04,루마니아,286
2023,04,콩고민주공화국,282
2023,04,오스트리아,276
2023,04,칠레,261
2023,04,부룬디,254
2023,04,기니,253
2023,04,말리,242
2023,04,에콰도르,241
2023,04,헝가리,221
2023,04,체코,219
2023,04,이스라엘,201
2023,04,그리스,194
2023,04,코트디부아르,192
2023,04,아이티,191
2023,04,아르헨티나,190
2023,04,포르투갈,174
2023,04,베네수엘라,169
2023,04,앙골라,148
2023,04,리투아니아,142
2023,04,불가리아,138
2023,04,감비아,127
2023,04,무국적,126
2023,04,브루나이,120
2023,04,마카오,117
2023,04,짐바브웨,107
2023,04,잠비아,101
2023,04,조지아,99
2023,04,시에라리온,87
2023,04,크로아티아,85
2023,04,가봉,85
2023,04,영국외지민,80
2023,04,팔레스타인,80
2023,04,파나마,79
2023,04,과테말라,75
2023,04,슬로바크,74
2023,04,라트비아,72
2023,04,코스타리카,72
2023,04,파라과이,72
2023,04,아르메니아,70
2023,04,볼리비아,69
2023,04,세르비아,67
2023,04,엘살바도르,66
2023,04,도미니카공화국,64
2023,04,오만,58
2023,04,몰도바,53
2023,04,쿠웨이트,53
2023,04,말라위,51
2023,04,슬로베니아,50
2023,04,온두라스,48
2023,04,카타르,46
2023,04,에스토니아,44
2023,04,모잠비크,44
2023,04,부르키나파소,43
2023,04,부탄,41
2023,04,피지,41
2023,04,니카라과,40
2023,04,토고,39
2023,04,국제연합,37
2023,04,우루과이,37
2023,04,쿠바,37
2023,04,레바논,36
2023,04,자메이카,32
2023,04,남수단공화국,30
2023,04,룩셈부르크,30
2023,04,미등록국가,28
2023,04,소말리아,27
2023,04,트리니다드토바고,26
2023,04,마다가스카르,26
2023,04,콩고,25
2023,04,알바니아,23
2023,04,보츠와나,21
2023,04,모리셔스,16
2023,04,베냉,15
2023,04,키프로스,14
2023,04,북마케도니아,13
2023,04,가이아나,13
2023,04,바누아투,13
2023,04,에리트레아,12
2023,04,바레인,12
2023,04,중앙아프리카공화국,11
2023,04,모리타니,11
2023,04,세인트크리스토퍼네비스,11
2023,04,아이슬란드,11
2023,04,차드,11
2023,04,기니비사우,11
2023,04,적도기니,10
2023,04,몬테네그로,9
2023,04,마샬군도,8
2023,04,몰타,8
2023,04,에스와티니,8
2023,04,도미니카연방,7
2023,04,니제르,7
2023,04,보스니아-헤르체고비나,7
2023,04,바베이도스,6
2023,04,코소보,6
2023,04,솔로몬군도,6
2023,04,파푸아뉴기니,5
2023,04,레소토,5
2023,04,세인트루시아,4
2023,04,바하마,4
2023,04,홍콩거주난민,3
2023,04,몰디브,3
2023,04,코모로,3
2023,04,리히텐슈타인,2
2023,04,교황청,2
2023,04,세이셸,2
2023,04,나우루,2
2023,04,나미비아,2
2023,04,벨리즈,2
2023,04,팔라우,2
2023,04,키리바시,2
2023,04,영국해외영토시민,1
2023,04,영국외지시민,1
2023,04,세인트빈센트그레나딘,1
2023,04,수리남,1
2023,04,앤티카바부다,1
2023,04,지부티,1
2023,04,그레나다,1
2023,04,통가,1
2023,05,한국계중국인,240060
2023,05,베트남,210751
2023,05,중국,189423
2023,05,우즈베키스탄,51649
2023,05,네팔,49362
2023,05,캄보디아,48719
2023,05,필리핀,47805
2023,05,인도네시아,44003
2023,05,태국,36274
2023,05,미얀마,32896
2023,05,미국,32139
2023,05,몽골,29713
2023,05,일본,26840
2023,05,스리랑카,25438
2023,05,방글라데시,20429
2023,05,카자흐스탄,18466
2023,05,러시아(연방),18065
2023,05,타이완,17785
2023,05,파키스탄,12841
2023,05,인도,12613
2023,05,키르기즈,6083
2023,05,프랑스,5508
2023,05,영국,5227
2023,05,캐나다,4334
2023,05,남아프리카공화국,3755
2023,05,말레이시아,3750
2023,05,티모르민주공화국,3440
2023,05,우크라이나,3179
2023,05,독일,3025
2023,05,튀르키예,2933
2023,05,라오스,2714
2023,05,나이지리아,2525
2023,05,이집트,2524
2023,05,홍콩,2194
2023,05,오스트레일리아,1886
2023,05,시리아,1674
2023,05,모로코,1578
2023,05,브라질,1367
2023,05,이란,1267
2023,05,에티오피아,1221
2023,05,가나,1176
2023,05,예멘공화국,1132
2023,05,이탈리아,1096
2023,05,스페인,1091
2023,05,타지키스탄,890
2023,05,멕시코,870
2023,05,아프가니스탄,858
2023,05,싱가포르,832
2023,05,사우디아라비아,802
2023,05,카메룬,792
2023,05,뉴질랜드,728
2023,05,네덜란드,721
2023,05,리비아,709
2023,05,아일랜드,627
2023,05,콜롬비아,581
2023,05,폴란드,557
2023,05,우간다,555
2023,05,스웨덴,547
2023,05,케냐,515
2023,05,요르단,501
2023,05,페루,480
2023,05,라이베리아,475
2023,05,튀니지,465
2023,05,이라크,461
2023,05,알제리,443
2023,05,아랍에미리트연합,439
2023,05,벨기에,427
2023,05,탄자니아,423
2023,05,르완다,395
2023,05,스위스,359
2023,05,세네갈,322
2023,05,벨라루스,314
2023,05,핀란드,313
2023,05,노르웨이,308
2023,05,투르크메니스탄,308
2023,05,아제르바이잔,307
2023,05,수단,306
2023,05,덴마크,300
2023,05,루마니아,287
2023,05,콩고민주공화국,282
2023,05,오스트리아,276
2023,05,칠레,271
2023,05,부룬디,270
2023,05,에콰도르,252
2023,05,기니,252
2023,05,말리,243
2023,05,코트디부아르,221
2023,05,헝가리,221
2023,05,체코,220
2023,05,이스라엘,199
2023,05,그리스,195
2023,05,아이티,190
2023,05,아르헨티나,190
2023,05,포르투갈,176
2023,05,베네수엘라,172
2023,05,앙골라,145
2023,05,리투아니아,142
2023,05,불가리아,138
2023,05,무국적,130
2023,05,감비아,127
2023,05,브루나이,120
2023,05,마카오,119
2023,05,짐바브웨,109
2023,05,잠비아,102
2023,05,조지아,101
2023,05,크로아티아,88
2023,05,가봉,87
2023,05,시에라리온,87
2023,05,영국외지민,80
2023,05,팔레스타인,80
2023,05,파나마,80
2023,05,과테말라,76
2023,05,슬로바크,74
2023,05,라트비아,72
2023,05,아르메니아,72
2023,05,파라과이,72
2023,05,코스타리카,71
2023,05,세르비아,69
2023,05,볼리비아,69
2023,05,엘살바도르,66
2023,05,도미니카공화국,66
2023,05,몰도바,54
2023,05,쿠웨이트,53
2023,05,말라위,52
2023,05,슬로베니아,50
2023,05,오만,48
2023,05,온두라스,48
2023,05,카타르,46
2023,05,모잠비크,45
2023,05,부탄,44
2023,05,에스토니아,44
2023,05,부르키나파소,43
2023,05,피지,43
2023,05,니카라과,41
2023,05,토고,40
2023,05,우루과이,38
2023,05,국제연합,37
2023,05,쿠바,37
2023,05,레바논,35
2023,05,자메이카,32
2023,05,남수단공화국,30
2023,05,마다가스카르,29
2023,05,국적불명,28
2023,05,소말리아,28
2023,05,룩셈부르크,28
2023,05,트리니다드토바고,26
2023,05,콩고,25
2023,05,알바니아,22
2023,05,보츠와나,20
2023,05,모리셔스,16
2023,05,키프로스,14
2023,05,베냉,14
2023,05,북마케도니아,13
2023,05,가이아나,13
2023,05,바누아투,13
2023,05,바레인,13
2023,05,에리트레아,12
2023,05,중앙아프리카공화국,11
2023,05,모리타니,11
2023,05,세인트크리스토퍼네비스,11
2023,05,아이슬란드,11
2023,05,차드,11
2023,05,기니비사우,11
2023,05,적도기니,10
2023,05,몬테네그로,9
2023,05,마샬군도,8
2023,05,도미니카연방,7
2023,05,니제르,7
2023,05,몰타,7
2023,05,보스니아-헤르체고비나,7
2023,05,에스와티니,7
2023,05,바베이도스,6
2023,05,코소보,6
2023,05,솔로몬군도,6
2023,05,파푸아뉴기니,5
2023,05,레소토,5
2023,05,바하마,4
2023,05,홍콩거주난민,3
2023,05,세인트루시아,3
2023,05,몰디브,3
2023,05,리히텐슈타인,2
2023,05,교황청,2
2023,05,세이셸,2
2023,05,나우루,2
2023,05,나미비아,2
2023,05,벨리즈,2
2023,05,팔라우,2
2023,05,코모로,2
2023,05,키리바시,2
2023,05,영국해외영토시민,1
2023,05,영국외지시민,1
2023,05,세인트빈센트그레나딘,1
2023,05,수리남,1
2023,05,앤티카바부다,1
2023,05,지부티,1
2023,05,그레나다,1
2023,05,통가,1
2023,06,한국계중국인,240710
2023,06,베트남,215758
2023,06,중국,190321
2023,06,우즈베키스탄,52311
2023,06,네팔,51847
2023,06,캄보디아,49660
2023,06,필리핀,49009
2023,06,인도네시아,45287
2023,06,타이,36743
2023,06,미얀마,33618
2023,06,미국,31295
2023,06,몽골,30142
2023,06,일본,27162
2023,06,스리랑카,25744
2023,06,방글라데시,20991
2023,06,카자흐스탄,18527
2023,06,러시아(연방),18478
2023,06,타이완,17635
2023,06,파키스탄,12948
2023,06,인도,12725
2023,06,키르기즈,6140
2023,06,프랑스,5145
2023,06,영국,5093
2023,06,캐나다,4279
2023,06,남아프리카공화국,3811
2023,06,말레이시아,3785
2023,06,티모르민주공화국,3482
2023,06,라오스,3222
2023,06,우크라이나,3119
2023,06,튀르키예,2939
2023,06,독일,2817
2023,06,이집트,2536
2023,06,나이지리아,2527
2023,06,홍콩,2167
2023,06,오스트레일리아,1874
2023,06,시리아,1687
2023,06,모로코,1574
2023,06,브라질,1371
2023,06,이란,1268
2023,06,에티오피아,1222
2023,06,가나,1184
2023,06,예멘공화국,1139
2023,06,이탈리아,1037
2023,06,스페인,1015
2023,06,타지키스탄,923
2023,06,아프가니스탄,865
2023,06,멕시코,833
2023,06,카메룬,795
2023,06,싱가포르,771
2023,06,사우디아라비아,734
2023,06,뉴질랜드,728
2023,06,리비아,721
2023,06,네덜란드,655
2023,06,아일랜드,608
2023,06,콜롬비아,569
2023,06,우간다,553
2023,06,케냐,518
2023,06,폴란드,513
2023,06,요르단,500
2023,06,스웨덴,499
2023,06,튀니지,487
2023,06,페루,484
2023,06,라이베리아,473
2023,06,이라크,463
2023,06,아랍에미리트연합,443
2023,06,알제리,440
2023,06,탄자니아,424
2023,06,벨기에,398
2023,06,르완다,396
2023,06,스위스,328
2023,06,투르크메니스탄,320
2023,06,세네갈,320
2023,06,벨라루스,316
2023,06,수단,311
2023,06,아제르바이잔,306
2023,06,콩고민주공화국,281
2023,06,덴마크,281
2023,06,루마니아,280
2023,06,칠레,277
2023,06,노르웨이,271
2023,06,부룬디,268
2023,06,에콰도르,255
2023,06,핀란드,254
2023,06,오스트리아,254
2023,06,기니,250
2023,06,말리,242
2023,06,코트디부아르,221
2023,06,헝가리,214
2023,06,이스라엘,200
2023,06,체코,193
2023,06,그리스,193
2023,06,아르헨티나,189
2023,06,아이티,187
2023,06,베네수엘라,174
2023,06,포르투갈,165
2023,06,앙골라,144
2023,06,불가리아,136
2023,06,무국적,126
2023,06,감비아,126
2023,06,리투아니아,123
2023,06,마카오,113
2023,06,잠비아,105
2023,06,짐바브웨,105
2023,06,조지아,101
2023,06,크로아티아,90
2023,06,시에라리온,89
2023,06,브루나이,87
2023,06,가봉,82
2023,06,영국외지민,81
2023,06,팔레스타인,80
2023,06,파나마,80
2023,06,파라과이,77
2023,06,과테말라,76
2023,06,아르메니아,73
2023,06,코스타리카,70
2023,06,볼리비아,70
2023,06,라트비아,69
2023,06,슬로바크,69
2023,06,세르비아,66
2023,06,도미니카공화국,66
2023,06,엘살바도르,65
2023,06,쿠웨이트,53
2023,06,말라위,51
2023,06,몰도바,49
2023,06,온두라스,48
2023,06,카타르,47
2023,06,슬로베니아,47
2023,06,모잠비크,45
2023,06,부탄,44
2023,06,부르키나파소,44
2023,06,오만,43
2023,06,피지,42
2023,06,니카라과,41
2023,06,우루과이,40
2023,06,에스토니아,39
2023,06,쿠바,38
2023,06,토고,38
2023,06,국제연합,36
2023,06,레바논,36
2023,06,남수단공화국,31
2023,06,자메이카,31
2023,06,마다가스카르,29
2023,06,국적불명,28
2023,06,소말리아,28
2023,06,룩셈부르크,25
2023,06,트리니다드토바고,25
2023,06,콩고,25
2023,06,알바니아,22
2023,06,보츠와나,20
2023,06,키프로스,14
2023,06,가이아나,13
2023,06,바누아투,13
2023,06,바레인,13
2023,06,모리셔스,13
2023,06,베냉,13
2023,06,에리트레아,12
2023,06,기니비사우,12
2023,06,북마케도니아,11
2023,06,중앙아프리카공화국,11
2023,06,세인트크리스토퍼네비스,11
2023,06,아이슬란드,11
2023,06,차드,11
2023,06,적도기니,10
2023,06,모리타니,10
2023,06,마샬군도,8
2023,06,도미니카연방,8
2023,06,몬테네그로,8
2023,06,니제르,7
2023,06,보스니아-헤르체고비나,7
2023,06,바베이도스,6
2023,06,코소보,6
2023,06,몰타,6
2023,06,솔로몬군도,6
2023,06,에스와티니,6
2023,06,파푸아뉴기니,5
2023,06,레소토,5
2023,06,바하마,4
2023,06,홍콩거주난민,3
2023,06,세인트루시아,3
2023,06,몰디브,3
2023,06,세이셸,2
2023,06,나우루,2
2023,06,나미비아,2
2023,06,벨리즈,2
2023,06,팔라우,2
2023,06,코모로,2
2023,06,키리바시,2
2023,06,영국해외영토시민,1
2023,06,영국외지시민,1
2023,06,세인트빈센트그레나딘,1
2023,06,교황청,1
2023,06,수리남,1
2023,06,앤티카바부다,1
2023,06,지부티,1
2023,06,그레나다,1
2023,06,통가,1
2023,07,홍콩거주난민,3
2023,07,튀르키예,2920
2023,07,영국해외영토시민,1
2023,07,영국외지시민,1
2023,07,세인트빈센트그레나딘,1
2023,07,북마케도니아,10
2023,07,벨라루스,308
2023,07,마샬군도,8
2023,07,국제연합 전문기구,1
2023,07,국적불명,28
2023,07,교황청,1
2023,07,가이아나,11
2023,07,세이셸,2
2023,07,세인트루시아,1
2023,07,수리남,1
2023,07,앤티카바부다,1
2023,07,지부티,1
2023,07,그레나다,2
2023,07,나우루,2
2023,07,바베이도스,5
2023,07,통가,1
2023,07,파푸아뉴기니,5
2023,07,나미비아,2
2023,07,도미니카연방,7
2023,07,벨리즈,2
2023,07,팔라우,2
2023,07,몰디브,3
2023,07,코모로,6
2023,07,레소토,5
2023,07,바누아투,14
2023,07,코소보,5
2023,07,몬테네그로,9
2023,07,바하마,4
2023,07,적도기니,10
2023,07,니제르,7
2023,07,몰타,7
2023,07,보스니아-헤르체고비나,7
2023,07,중앙아프리카공화국,11
2023,07,솔로몬군도,6
2023,07,모리타니,10
2023,07,세인트크리스토퍼네비스,11
2023,07,아이슬란드,12
2023,07,에리트레아,12
2023,07,차드,11
2023,07,남수단공화국,30
2023,07,소말리아,28
2023,07,에스와티니,6
2023,07,키프로스,14
2023,07,바레인,13
2023,07,기니비사우,12
2023,07,룩셈부르크,24
2023,07,키리바시,2
2023,07,트리니다드토바고,25
2023,07,모리셔스,11
2023,07,알바니아,23
2023,07,카타르,45
2023,07,말라위,50
2023,07,보츠와나,20
2023,07,국제연합,35
2023,07,콩고,25
2023,07,우루과이,39
2023,07,베냉,13
2023,07,니카라과,41
2023,07,마다가스카르,27
2023,07,아이티,187
2023,07,부탄,44
2023,07,에스토니아,39
2023,07,레바논,35
2023,07,오만,44
2023,07,슬로베니아,46
2023,07,쿠바,38
2023,07,라트비아,68
2023,07,몰도바,49
2023,07,자메이카,31
2023,07,부르키나파소,43
2023,07,온두라스,48
2023,07,세르비아,65
2023,07,영국외지민,82
2023,07,토고,38
2023,07,슬로바크,67
2023,07,코스타리카,67
2023,07,조지아,102
2023,07,팔레스타인,84
2023,07,모잠비크,44
2023,07,파나마,80
2023,07,엘살바도르,64
2023,07,크로아티아,88
2023,07,아르메니아,74
2023,07,피지,42
2023,07,가봉,82
2023,07,브루나이,85
2023,07,도미니카공화국,67
2023,07,볼리비아,69
2023,07,시에라리온,91
2023,07,과테말라,78
2023,07,파라과이,79
2023,07,쿠웨이트,54
2023,07,리투아니아,118
2023,07,잠비아,104
2023,07,짐바브웨,107
2023,07,마카오,118
2023,07,부룬디,275
2023,07,무국적,128
2023,07,아르헨티나,186
2023,07,불가리아,131
2023,07,체코,166
2023,07,감비아,124
2023,07,포르투갈,155
2023,07,앙골라,143
2023,07,이스라엘,207
2023,07,코트디부아르,219
2023,07,베네수엘라,173
2023,07,헝가리,198
2023,07,칠레,277
2023,07,핀란드,218
2023,07,아제르바이잔,301
2023,07,루마니아,271
2023,07,오스트리아,231
2023,07,말리,244
2023,07,그리스,194
2023,07,콩고민주공화국,285
2023,07,덴마크,259
2023,07,에콰도르,256
2023,07,르완다,400
2023,07,스위스,288
2023,07,탄자니아,424
2023,07,수단,313
2023,07,기니,250
2023,07,노르웨이,250
2023,07,튀니지,513
2023,07,투르크메니스탄,329
2023,07,요르단,499
2023,07,이라크,465
2023,07,벨기에,367
2023,07,아프가니스탄,865
2023,07,페루,475
2023,07,세네갈,317
2023,07,케냐,520
2023,07,콜롬비아,552
2023,07,폴란드,478
2023,07,리비아,728
2023,07,스웨덴,475
2023,07,알제리,437
2023,07,우간다,553
2023,07,라이베리아,472
2023,07,타지키스탄,960
2023,07,아랍에미리트연합,433
2023,07,멕시코,787
2023,07,아일랜드,592
2023,07,네덜란드,565
2023,07,싱가포르,715
2023,07,스페인,933
2023,07,뉴질랜드,721
2023,07,브라질,1353
2023,07,카메룬,794
2023,07,이탈리아,1008
2023,07,에티오피아,1231
2023,07,사우디아라비아,728
2023,07,예멘공화국,1139
2023,07,라오스,3597
2023,07,이란,1268
2023,07,모로코,1581
2023,07,가나,1190
2023,07,시리아,1697
2023,07,오스트레일리아,1863
2023,07,홍콩,2166
2023,07,독일,2554
2023,07,티모르민주공화국,3533
2023,07,나이지리아,2529
2023,07,남아프리카공화국,3861
2023,07,이집트,2533
2023,07,우크라이나,3066
2023,07,프랑스,4727
2023,07,말레이시아,3845
2023,07,캐나다,4249
2023,07,영국,4989
2023,07,키르기즈,6228
2023,07,인도,12845
2023,07,파키스탄,13104
2023,07,러시아(연방),18919
2023,07,방글라데시,21326
2023,07,카자흐스탄,18689
2023,07,타이완,17585
2023,07,스리랑카,25874
2023,07,일본,27259
2023,07,몽골,30374
2023,07,미국,31090
2023,07,미얀마,34518
2023,07,타이,37117
2023,07,인도네시아,46227
2023,07,네팔,53860
2023,07,캄보디아,50530
2023,07,필리핀,49526
2023,07,우즈베키스탄,52660
2023,07,베트남,220149
2023,07,한국계중국인,240618
2023,07,중국,191742
2023,08,홍콩거주난민,3
2023,08,튀르키예,2877
2023,08,영국해외영토시민,1
2023,08,영국외지시민,2
2023,08,세인트빈센트그레나딘,1
2023,08,북마케도니아,10
2023,08,벨라루스,294
2023,08,마샬군도,8
2023,08,국제연합 전문기구,1
2023,08,국적불명,31
2023,08,교황청,1
2023,08,가이아나,10
2023,08,세이셸,1
2023,08,세인트루시아,1
2023,08,수리남,1
2023,08,앤티카바부다,1
2023,08,지부티,1
2023,08,그레나다,2
2023,08,나우루,2
2023,08,바베이도스,5
2023,08,통가,1
2023,08,파푸아뉴기니,5
2023,08,나미비아,2
2023,08,도미니카연방,7
2023,08,벨리즈,2
2023,08,팔라우,2
2023,08,몰디브,3
2023,08,코모로,5
2023,08,레소토,5
2023,08,바누아투,14
2023,08,코소보,5
2023,08,몬테네그로,7
2023,08,바하마,4
2023,08,적도기니,10
2023,08,니제르,7
2023,08,몰타,8
2023,08,보스니아-헤르체고비나,9
2023,08,중앙아프리카공화국,11
2023,08,솔로몬군도,6
2023,08,모리타니,10
2023,08,세인트크리스토퍼네비스,11
2023,08,아이슬란드,12
2023,08,에리트레아,12
2023,08,차드,11
2023,08,남수단공화국,30
2023,08,소말리아,27
2023,08,에스와티니,6
2023,08,키프로스,15
2023,08,바레인,10
2023,08,기니비사우,12
2023,08,룩셈부르크,23
2023,08,키리바시,2
2023,08,트리니다드토바고,24
2023,08,모리셔스,12
2023,08,알바니아,24
2023,08,카타르,46
2023,08,말라위,54
2023,08,보츠와나,20
2023,08,국제연합,35
2023,08,콩고,25
2023,08,우루과이,40
2023,08,베냉,13
2023,08,니카라과,39
2023,08,마다가스카르,27
2023,08,아이티,184
2023,08,부탄,42
2023,08,에스토니아,43
2023,08,레바논,35
2023,08,오만,60
2023,08,슬로베니아,46
2023,08,쿠바,45
2023,08,라트비아,65
2023,08,몰도바,48
2023,08,자메이카,29
2023,08,부르키나파소,44
2023,08,온두라스,44
2023,08,세르비아,65
2023,08,영국외지민,83
2023,08,토고,38
2023,08,슬로바크,74
2023,08,코스타리카,68
2023,08,조지아,101
2023,08,팔레스타인,86
2023,08,모잠비크,45
2023,08,파나마,79
2023,08,엘살바도르,57
2023,08,크로아티아,87
2023,08,아르메니아,74
2023,08,피지,33
2023,08,가봉,81
2023,08,브루나이,75
2023,08,도미니카공화국,66
2023,08,볼리비아,68
2023,08,시에라리온,89
2023,08,과테말라,76
2023,08,파라과이,85
2023,08,쿠웨이트,51
2023,08,리투아니아,118
2023,08,잠비아,102
2023,08,짐바브웨,101
2023,08,마카오,114
2023,08,부룬디,276
2023,08,무국적,126
2023,08,아르헨티나,184
2023,08,불가리아,133
2023,08,체코,153
2023,08,감비아,123
2023,08,포르투갈,150
2023,08,앙골라,136
2023,08,이스라엘,197
2023,08,코트디부아르,220
2023,08,베네수엘라,161
2023,08,헝가리,199
2023,08,칠레,269
2023,08,핀란드,208
2023,08,아제르바이잔,300
2023,08,루마니아,272
2023,08,오스트리아,214
2023,08,말리,246
2023,08,그리스,189
2023,08,콩고민주공화국,297
2023,08,덴마크,262
2023,08,에콰도르,247
2023,08,르완다,402
2023,08,스위스,258
2023,08,탄자니아,431
2023,08,수단,303
2023,08,기니,254
2023,08,노르웨이,245
2023,08,튀니지,530
2023,08,투르크메니스탄,326
2023,08,요르단,494
2023,08,이라크,466
2023,08,벨기에,356
2023,08,아프가니스탄,866
2023,08,페루,473
2023,08,세네갈,317
2023,08,케냐,534
2023,08,콜롬비아,549
2023,08,폴란드,463
2023,08,리비아,741
2023,08,스웨덴,465
2023,08,알제리,425
2023,08,우간다,562
2023,08,라이베리아,474
2023,08,타지키스탄,997
2023,08,아랍에미리트연합,423
2023,08,멕시코,772
2023,08,아일랜드,595
2023,08,네덜란드,549
2023,08,싱가포르,713
2023,08,스페인,915
2023,08,뉴질랜드,735
2023,08,브라질,1377
2023,08,카메룬,793
2023,08,이탈리아,975
2023,08,에티오피아,1238
2023,08,사우디아라비아,750
2023,08,예멘공화국,1146
2023,08,라오스,3618
2023,08,이란,1258
2023,08,모로코,1563
2023,08,가나,1183
2023,08,시리아,1710
2023,08,오스트레일리아,1875
2023,08,홍콩,2150
2023,08,독일,2502
2023,08,티모르민주공화국,3609
2023,08,나이지리아,2512
2023,08,남아프리카공화국,3879
2023,08,이집트,2555
2023,08,우크라이나,3045
2023,08,프랑스,4530
2023,08,말레이시아,3917
2023,08,캐나다,4297
2023,08,영국,4998
2023,08,키르기즈,6283
2023,08,인도,12893
2023,08,파키스탄,13198
2023,08,러시아(연방),19268
2023,08,방글라데시,21635
2023,08,카자흐스탄,18915
2023,08,타이완,17461
2023,08,스리랑카,26128
2023,08,일본,26848
2023,08,몽골,30395
2023,08,미국,31470
2023,08,미얀마,35627
2023,08,타이,37482
2023,08,인도네시아,46930
2023,08,네팔,55984
2023,08,캄보디아,51111
2023,08,필리핀,49683
2023,08,우즈베키스탄,52665
2023,08,베트남,222530
2023,08,한국계중국인,240306
2023,08,중국,192486
