년,월,국적지역,체류외국인 수
2022,01,한국계중국인,612303
2022,01,중국,223121
2022,01,베트남,206728
2022,01,태국,171364
2022,01,우즈베키스탄,66612
2022,01,필리핀,46591
2022,01,캄보디아,41673
2022,01,네팔,37116
2022,01,몽골,37010
2022,01,인도네시아,34565
2022,01,카자흐스탄,29442
2022,01,일본,27972
2022,01,미얀마,25858
2022,01,스리랑카,20440
2022,01,타이완,18420
2022,01,방글라데시,16540
2022,01,파키스탄,12429
2022,01,인도,11638
2022,01,키르기즈,6461
2022,01,말레이시아,4897
2022,01,티모르민주공화국,2419
2022,01,홍콩,2285
2022,01,터키,1952
2022,01,이란,1891
2022,01,라오스,1718
2022,01,시리아,1547
2022,01,타지키스탄,1321
2022,01,싱가포르,1194
2022,01,예멘공화국,1082
2022,01,사우디아라비아,863
2022,01,아프가니스탄,838
2022,01,이라크,517
2022,01,아랍에미리트연합,500
2022,01,요르단,498
2022,01,투르크메니스탄,427
2022,01,이스라엘,204
2022,01,마카오,104
2022,01,브루나이,70
2022,01,쿠웨이트,64
2022,01,팔레스타인,60
2022,01,오만,48
2022,01,레바논,43
2022,01,카타르,42
2022,01,부탄,37
2022,01,키프로스,31
2022,01,홍콩거주난민,15
2022,01,바레인,11
2022,01,몰디브,2
2022,01,미국,140649
2022,01,캐나다,22680
2022,01,브라질,1559
2022,01,멕시코,938
2022,01,페루,709
2022,01,콜롬비아,515
2022,01,아르헨티나,457
2022,01,에콰도르,272
2022,01,칠레,256
2022,01,파라과이,208
2022,01,베네수엘라,204
2022,01,과테말라,115
2022,01,도미니카공화국,100
2022,01,코스타리카,94
2022,01,파나마,80
2022,01,볼리비아,73
2022,01,온두라스,72
2022,01,자메이카,60
2022,01,엘살바도르,53
2022,01,니카라과,47
2022,01,아이티,41
2022,01,우루과이,40
2022,01,쿠바,37
2022,01,트리니다드토바고,23
2022,01,도미니카연방,18
2022,01,세인트크리스토퍼네비스,16
2022,01,벨리즈,8
2022,01,바베이도스,8
2022,01,수리남,6
2022,01,바하마,5
2022,01,가이아나,5
2022,01,세인트루시아,3
2022,01,앤티카바부다,1
2022,01,세인트빈센트그레나딘,1
2022,01,그레나다,1
2022,01,한국계러시아인,27504
2022,01,러시아연방,21026
2022,01,영국,6344
2022,01,프랑스,4173
2022,01,우크라이나,3843
2022,01,독일,3705
2022,01,스페인,1149
2022,01,이탈리아,1115
2022,01,네덜란드,768
2022,01,아일랜드,697
2022,01,스웨덴,654
2022,01,폴란드,560
2022,01,벨기에,489
2022,01,스위스,481
2022,01,루마니아,381
2022,01,노르웨이,364
2022,01,덴마크,339
2022,01,오스트리아,304
2022,01,그리스,296
2022,01,벨로루시,283
2022,01,아제르바이잔,244
2022,01,핀란드,224
2022,01,헝가리,195
2022,01,체코,175
2022,01,포르투갈,173
2022,01,불가리아,166
2022,01,크로아티아,141
2022,01,리투아니아,117
2022,01,조지아,111
2022,01,라트비아,98
2022,01,슬로바크,91
2022,01,영국외지민,75
2022,01,세르비아,73
2022,01,아르메니아,70
2022,01,슬로베니아,51
2022,01,몰도바,49
2022,01,에스토니아,46
2022,01,알바니아,42
2022,01,룩셈부르크,21
2022,01,몰타,17
2022,01,마케도니아,14
2022,01,아이슬란드,12
2022,01,보스니아헤르체고비나,10
2022,01,몬테네그로,10
2022,01,코소보,5
2022,01,안도라,2
2022,01,교황청,2
2022,01,유고슬라비아,1
2022,01,영국외지시민,1
2022,01,영국속령지시민,1
2022,01,스발바르,1
2022,01,세르비아몬테네그로,1
2022,01,산마리노,1
2022,01,오스트레일리아,7518
2022,01,뉴질랜드,3451
2022,01,피지,73
2022,01,마샬군도,14
2022,01,파푸아뉴기니,13
2022,01,바누아투,12
2022,01,팔라우,10
2022,01,미이크로네시아,10
2022,01,솔로몬군도,6
2022,01,통가,5
2022,01,사모아,5
2022,01,나우루,5
2022,01,키리바시,1
2022,01,이집트,2833
2022,01,나이지리아,2764
2022,01,남아프리카공화국,2653
2022,01,모로코,1407
2022,01,가나,1361
2022,01,에티오피아,1044
2022,01,카메룬,879
2022,01,리비아,650
2022,01,우간다,523
2022,01,라이베리아,523
2022,01,알제리,464
2022,01,케냐,405
2022,01,세네갈,327
2022,01,튀니지,323
2022,01,탄자니아,306
2022,01,수단,278
2022,01,기니,273
2022,01,르완다,262
2022,01,콩고민주공화국,258
2022,01,말리,218
2022,01,코트디부아르,208
2022,01,앙골라,142
2022,01,부룬디,135
2022,01,감비아,131
2022,01,짐바브웨,116
2022,01,시에라리온,91
2022,01,잠비아,90
2022,01,가봉,81
2022,01,모잠비크,61
2022,01,부르키나파소,51
2022,01,토고,49
2022,01,콩고,32
2022,01,마다가스카르,31
2022,01,말라위,27
2022,01,남수단공화국,27
2022,01,소말리아,24
2022,01,베냉,24
2022,01,기니비사우,23
2022,01,에스와티니,20
2022,01,모리셔스,20
2022,01,보츠와나,18
2022,01,모리타니,16
2022,01,에리트레아,14
2022,01,차드,12
2022,01,중앙아프리카공화국,10
2022,01,적도기니,10
2022,01,니제르,9
2022,01,자이르,7
2022,01,레소토,5
2022,01,지부티,4
2022,01,세이셸,3
2022,01,상투메프린시페,2
2022,01,나미비아,2
2022,01,코모로,1
2022,01,카보베르데,1
2022,01,무국적,143
2022,01,미등록국가,59
2022,01,국제연합,51
2022,01,미상,1
2022,01,기타,2
2022,02,한국계중국인,611103
2022,02,중국,225591
2022,02,베트남,205695
2022,02,태국,171486
2022,02,우즈베키스탄,66596
2022,02,필리핀,46643
2022,02,캄보디아,41960
2022,02,몽골,37404
2022,02,네팔,37216
2022,02,인도네시아,35684
2022,02,카자흐스탄,29251
2022,02,일본,29238
2022,02,미얀마,26161
2022,02,스리랑카,20381
2022,02,타이완,18801
2022,02,방글라데시,16776
2022,02,파키스탄,12440
2022,02,인도,11837
2022,02,키르기즈,6450
2022,02,말레이시아,5200
2022,02,티모르민주공화국,2462
2022,02,홍콩,2429
2022,02,터키,2092
2022,02,이란,1939
2022,02,라오스,1787
2022,02,시리아,1555
2022,02,싱가포르,1451
2022,02,타지키스탄,1303
2022,02,예멘공화국,1085
2022,02,사우디아라비아,933
2022,02,아프가니스탄,850
2022,02,아랍에미리트연합,575
2022,02,이라크,544
2022,02,요르단,524
2022,02,투르크메니스탄,443
2022,02,이스라엘,245
2022,02,브루나이,123
2022,02,마카오,102
2022,02,쿠웨이트,67
2022,02,팔레스타인,66
2022,02,오만,51
2022,02,레바논,45
2022,02,카타르,43
2022,02,부탄,39
2022,02,키프로스,33
2022,02,홍콩거주난민,15
2022,02,바레인,12
2022,02,몰디브,2
2022,02,미국,143463
2022,02,캐나다,22964
2022,02,브라질,1649
2022,02,멕시코,1107
2022,02,페루,728
2022,02,콜롬비아,555
2022,02,아르헨티나,465
2022,02,칠레,295
2022,02,에콰도르,278
2022,02,파라과이,211
2022,02,베네수엘라,211
2022,02,과테말라,120
2022,02,코스타리카,99
2022,02,도미니카공화국,99
2022,02,파나마,86
2022,02,볼리비아,79
2022,02,온두라스,76
2022,02,자메이카,60
2022,02,엘살바도르,57
2022,02,니카라과,46
2022,02,우루과이,44
2022,02,아이티,42
2022,02,쿠바,40
2022,02,트리니다드토바고,24
2022,02,세인트크리스토퍼네비스,18
2022,02,도미니카연방,18
2022,02,벨리즈,8
2022,02,바베이도스,7
2022,02,수리남,6
2022,02,바하마,5
2022,02,가이아나,5
2022,02,세인트루시아,3
2022,02,앤티카바부다,1
2022,02,세인트빈센트그레나딘,1
2022,02,그레나다,1
2022,02,한국계러시아인,27665
2022,02,러시아연방,21274
2022,02,영국,6716
2022,02,프랑스,5695
2022,02,독일,4638
2022,02,우크라이나,3831
2022,02,이탈리아,1341
2022,02,스페인,1292
2022,02,네덜란드,1097
2022,02,스웨덴,760
2022,02,아일랜드,745
2022,02,폴란드,657
2022,02,벨기에,592
2022,02,스위스,557
2022,02,노르웨이,407
2022,02,덴마크,395
2022,02,오스트리아,391
2022,02,루마니아,387
2022,02,핀란드,367
2022,02,그리스,310
2022,02,벨로루시,298
2022,02,아제르바이잔,263
2022,02,헝가리,229
2022,02,체코,221
2022,02,포르투갈,198
2022,02,불가리아,173
2022,02,크로아티아,160
2022,02,리투아니아,160
2022,02,조지아,103
2022,02,슬로바크,94
2022,02,라트비아,84
2022,02,세르비아,78
2022,02,영국외지민,77
2022,02,아르메니아,71
2022,02,슬로베니아,58
2022,02,몰도바,57
2022,02,에스토니아,54
2022,02,알바니아,44
2022,02,룩셈부르크,24
2022,02,몰타,17
2022,02,아이슬란드,16
2022,02,마케도니아,13
2022,02,몬테네그로,11
2022,02,보스니아헤르체고비나,10
2022,02,코소보,5
2022,02,교황청,2
2022,02,유고슬라비아,1
2022,02,영국외지시민,1
2022,02,영국속령지시민,1
2022,02,안도라,1
2022,02,스발바르,1
2022,02,세르비아몬테네그로,1
2022,02,산마리노,1
2022,02,모나코,1
2022,02,오스트레일리아,7570
2022,02,뉴질랜드,3479
2022,02,피지,74
2022,02,마샬군도,15
2022,02,바누아투,14
2022,02,파푸아뉴기니,13
2022,02,팔라우,10
2022,02,미이크로네시아,9
2022,02,솔로몬군도,6
2022,02,통가,5
2022,02,사모아,5
2022,02,나우루,5
2022,02,키리바시,1
2022,02,남아프리카공화국,2923
2022,02,이집트,2807
2022,02,나이지리아,2780
2022,02,모로코,1449
2022,02,가나,1380
2022,02,에티오피아,1071
2022,02,카메룬,879
2022,02,리비아,768
2022,02,우간다,532
2022,02,라이베리아,518
2022,02,알제리,470
2022,02,케냐,428
2022,02,탄자니아,340
2022,02,튀니지,335
2022,02,세네갈,330
2022,02,수단,286
2022,02,르완다,271
2022,02,기니,271
2022,02,콩고민주공화국,267
2022,02,말리,220
2022,02,코트디부아르,218
2022,02,앙골라,147
2022,02,부룬디,144
2022,02,감비아,129
2022,02,짐바브웨,121
2022,02,잠비아,100
2022,02,시에라리온,92
2022,02,가봉,88
2022,02,모잠비크,60
2022,02,부르키나파소,51
2022,02,토고,46
2022,02,말라위,38
2022,02,콩고,32
2022,02,마다가스카르,32
2022,02,남수단공화국,27
2022,02,베냉,25
2022,02,소말리아,24
2022,02,에스와티니,22
2022,02,보츠와나,22
2022,02,기니비사우,22
2022,02,모리셔스,20
2022,02,모리타니,16
2022,02,에리트레아,15
2022,02,차드,12
2022,02,중앙아프리카공화국,10
2022,02,적도기니,10
2022,02,니제르,9
2022,02,자이르,7
2022,02,레소토,6
2022,02,코모로,5
2022,02,지부티,5
2022,02,세이셸,3
2022,02,상투메프린시페,2
2022,02,나미비아,2
2022,02,카보베르데,1
2022,02,무국적,148
2022,02,미등록국가,58
2022,02,국제연합,49
2022,02,미상,1
2022,03,가나,1369
2022,03,가봉,92
2022,03,가이아나,4
2022,03,감비아,128
2022,03,과테말라,122
2022,03,교황청,2
2022,03,국제연합,54
2022,03,그레나다,1
2022,03,그리스,322
2022,03,기니,272
2022,03,기니비사우,22
2022,03,나미비아,2
2022,03,나우루,5
2022,03,나이지리아,2810
2022,03,남수단공화국,27
2022,03,남아프리카공화국,2961
2022,03,네덜란드,1110
2022,03,네팔,37692
2022,03,노르웨이,383
2022,03,뉴질랜드,3495
2022,03,니제르,9
2022,03,니카라과,44
2022,03,덴마크,400
2022,03,도미니카공화국,102
2022,03,도미니카연방,18
2022,03,독일,4745
2022,03,라오스,1756
2022,03,라이베리아,520
2022,03,라트비아,89
2022,03,러시아연방,49040
2022,03,레바논,46
2022,03,레소토,6
2022,03,루마니아,400
2022,03,룩셈부르크,24
2022,03,르완다,269
2022,03,리비아,842
2022,03,리투아니아,137
2022,03,마다가스카르,31
2022,03,마샬군도,15
2022,03,마카오,105
2022,03,마케도니아,13
2022,03,말라위,38
2022,03,말레이시아,5221
2022,03,말리,221
2022,03,멕시코,1123
2022,03,모나코,1
2022,03,모로코,1459
2022,03,모리셔스,20
2022,03,모리타니,15
2022,03,모잠비크,45
2022,03,몬테네그로,16
2022,03,몰도바,55
2022,03,몰디브,2
2022,03,몰타,17
2022,03,몽골,37846
2022,03,무국적,149
2022,03,미국,145483
2022,03,미등록국가,55
2022,03,미상,1
2022,03,미얀마,26249
2022,03,미이크로네시아,10
2022,03,바누아투,14
2022,03,바레인,30
2022,03,바베이도스,8
2022,03,바하마,5
2022,03,방글라데시,17046
2022,03,베냉,26
2022,03,베네수엘라,219
2022,03,베트남,205447
2022,03,벨기에,603
2022,03,벨로루시,297
2022,03,벨리즈,9
2022,03,보스니아헤르체고비나,9
2022,03,보츠와나,21
2022,03,볼리비아,75
2022,03,부룬디,150
2022,03,부르키나파소,50
2022,03,부베트,1
2022,03,부탄,39
2022,03,불가리아,170
2022,03,브라질,1679
2022,03,브루나이,122
2022,03,사모아,5
2022,03,사우디아라비아,931
2022,03,산마리노,1
2022,03,상투메프린시페,2
2022,03,세네갈,331
2022,03,세르비아,78
2022,03,세르비아몬테네그로,1
2022,03,세이셸,3
2022,03,세인트루시아,3
2022,03,세인트빈센트그레나딘,1
2022,03,세인트크리스토퍼네비스,17
2022,03,소말리아,24
2022,03,솔로몬군도,6
2022,03,수단,289
2022,03,수리남,6
2022,03,스리랑카,20452
2022,03,스발바르,1
2022,03,스웨덴,781
2022,03,스위스,572
2022,03,스페인,1429
2022,03,슬로바크,101
2022,03,슬로베니아,57
2022,03,시리아,1561
2022,03,시에라리온,93
2022,03,싱가포르,1966
2022,03,아랍에미리트연합,594
2022,03,아르메니아,74
2022,03,아르헨티나,472
2022,03,아이슬란드,15
2022,03,아이티,42
2022,03,아일랜드,715
2022,03,아제르바이잔,267
2022,03,아프가니스탄,851
2022,03,안도라,2
2022,03,알바니아,45
2022,03,알제리,473
2022,03,앙골라,142
2022,03,앤티카바부다,1
2022,03,에리트레아,17
2022,03,에스와티니,21
2022,03,에스토니아,60
2022,03,에콰도르,279
2022,03,에티오피아,1080
2022,03,엘살바도르,61
2022,03,영국,6797
2022,03,영국속령지시민,1
2022,03,영국외지민,80
2022,03,영국외지시민,1
2022,03,예멘공화국,1084
2022,03,오만,57
2022,03,오스트레일리아,7698
2022,03,오스트리아,385
2022,03,온두라스,72
2022,03,요르단,544
2022,03,우간다,523
2022,03,우루과이,41
2022,03,우즈베키스탄,66821
2022,03,우크라이나,3917
2022,03,유고슬라비아,1
2022,03,이라크,564
2022,03,이란,1931
2022,03,이스라엘,255
2022,03,이집트,2833
2022,03,이탈리아,1355
2022,03,인도,11884
2022,03,인도네시아,35991
2022,03,일본,29260
2022,03,자메이카,62
2022,03,자이르,7
2022,03,잠비아,102
2022,03,적도기니,10
2022,03,조지아,103
2022,03,중국,225982
2022,03,중앙아프리카공화국,10
2022,03,지부티,5
2022,03,짐바브웨,118
2022,03,차드,11
2022,03,체코,231
2022,03,칠레,295
2022,03,카메룬,868
2022,03,카보베르데,1
2022,03,카자흐스탄,29026
2022,03,카타르,42
2022,03,캄보디아,42059
2022,03,캐나다,23044
2022,03,케냐,445
2022,03,코모로,5
2022,03,코소보,6
2022,03,코스타리카,104
2022,03,코트디부아르,208
2022,03,콜롬비아,557
2022,03,콩고,33
2022,03,콩고민주공화국,267
2022,03,쿠바,38
2022,03,쿠웨이트,70
2022,03,크로아티아,114
2022,03,키르기즈,6479
2022,03,키리바시,1
2022,03,키프로스,31
2022,03,태국,171261
2022,03,타이완,18738
2022,03,타지키스탄,1287
2022,03,탄자니아,327
2022,03,터키,2099
2022,03,토고,46
2022,03,통가,5
2022,03,투르크메니스탄,443
2022,03,튀니지,341
2022,03,트리니다드토바고,24
2022,03,티모르민주공화국,2553
2022,03,파나마,82
2022,03,파라과이,207
2022,03,파키스탄,12495
2022,03,파푸아뉴기니,13
2022,03,팔라우,10
2022,03,팔레스타인,66
2022,03,페루,746
2022,03,포르투갈,207
2022,03,폴란드,603
2022,03,프랑스,5773
2022,03,피지,73
2022,03,핀란드,372
2022,03,필리핀,46825
2022,03,한국계중국인,609084
2022,03,헝가리,230
2022,03,홍콩,2471
2022,03,홍콩거주난민,14
2022,04,미상,1
2022,04,가나,1385
2022,04,가봉,93
2022,04,가이아나,5
2022,04,감비아,128
2022,04,과테말라,127
2022,04,교황청,3
2022,04,국제연합,57
2022,04,그레나다,1
2022,04,그리스,313
2022,04,기니,268
2022,04,기니비사우,21
2022,04,나미비아,1
2022,04,나우루,5
2022,04,나이지리아,2811
2022,04,남수단공화국,26
2022,04,남아프리카공화국,3103
2022,04,네덜란드,1501
2022,04,네팔,38167
2022,04,노르웨이,480
2022,04,뉴질랜드,3652
2022,04,니제르,9
2022,04,니카라과,46
2022,04,덴마크,496
2022,04,도미니카공화국,118
2022,04,도미니카연방,20
2022,04,독일,5334
2022,04,라오스,1964
2022,04,라이베리아,522
2022,04,라트비아,88
2022,04,러시아연방,49443
2022,04,레바논,62
2022,04,레소토,7
2022,04,루마니아,386
2022,04,룩셈부르크,28
2022,04,르완다,275
2022,04,리비아,777
2022,04,리투아니아,174
2022,04,마다가스카르,33
2022,04,마샬군도,16
2022,04,마카오,107
2022,04,말라위,38
2022,04,말레이시아,5453
2022,04,말리,222
2022,04,멕시코,1244
2022,04,모로코,1472
2022,04,모리셔스,22
2022,04,모리타니,15
2022,04,모잠비크,46
2022,04,몬테네그로,10
2022,04,몰도바,54
2022,04,몰디브,3
2022,04,몰타,18
2022,04,몽골,38067
2022,04,무국적,146
2022,04,미국,153528
2022,04,미등록국가,54
2022,04,미상,1
2022,04,미얀마,26434
2022,04,미이크로네시아,10
2022,04,바누아투,18
2022,04,바레인,12
2022,04,바베이도스,9
2022,04,바하마,6
2022,04,방글라데시,17668
2022,04,베냉,26
2022,04,베네수엘라,221
2022,04,베트남,206518
2022,04,벨기에,672
2022,04,벨로루시,305
2022,04,벨리즈,9
2022,04,보스니아헤르체고비나,11
2022,04,보츠와나,21
2022,04,볼리비아,72
2022,04,부룬디,163
2022,04,부르키나파소,50
2022,04,부베트,1
2022,04,부탄,40
2022,04,북마케도니아,14
2022,04,불가리아,173
2022,04,브라질,1863
2022,04,브루나이,122
2022,04,사모아,5
2022,04,사우디아라비아,912
2022,04,산마리노,1
2022,04,상투메프린시페,2
2022,04,세네갈,329
2022,04,세르비아,91
2022,04,세르비아몬테네그로,1
2022,04,세이셸,3
2022,04,세인트루시아,2
2022,04,세인트빈센트그레나딘,1
2022,04,세인트크리스토퍼네비스,20
2022,04,소말리아,24
2022,04,솔로몬군도,8
2022,04,수단,293
2022,04,수리남,6
2022,04,스리랑카,20182
2022,04,스발바르,1
2022,04,스웨덴,881
2022,04,스위스,719
2022,04,스페인,1679
2022,04,슬로바크,113
2022,04,슬로베니아,67
2022,04,시리아,1563
2022,04,시에라리온,92
2022,04,싱가포르,2506
2022,04,아랍에미리트연합,580
2022,04,아르메니아,73
2022,04,아르헨티나,513
2022,04,아이슬란드,18
2022,04,아이티,100
2022,04,아일랜드,778
2022,04,아제르바이잔,272
2022,04,아프가니스탄,855
2022,04,안도라,3
2022,04,알바니아,46
2022,04,알제리,471
2022,04,앙골라,150
2022,04,앤티카바부다,1
2022,04,에리트레아,15
2022,04,에스와티니,23
2022,04,에스토니아,66
2022,04,에콰도르,298
2022,04,에티오피아,1074
2022,04,엘살바도르,65
2022,04,영국,7203
2022,04,영국속령지시민,1
2022,04,영국외지민,80
2022,04,영국외지시민,1
2022,04,예멘공화국,1094
2022,04,오만,56
2022,04,오스트레일리아,8630
2022,04,오스트리아,440
2022,04,온두라스,77
2022,04,요르단,512
2022,04,우간다,523
2022,04,우루과이,46
2022,04,우즈베키스탄,67159
2022,04,우크라이나,4238
2022,04,유고슬라비아,1
2022,04,이라크,596
2022,04,이란,1938
2022,04,이스라엘,283
2022,04,이집트,2820
2022,04,이탈리아,1531
2022,04,인도,11987
2022,04,인도네시아,36064
2022,04,일본,29694
2022,04,자메이카,61
2022,04,자이르,7
2022,04,잠비아,107
2022,04,적도기니,9
2022,04,조지아,100
2022,04,중국,224295
2022,04,중앙아프리카공화국,10
2022,04,지부티,5
2022,04,짐바브웨,120
2022,04,차드,11
2022,04,체코,271
2022,04,칠레,346
2022,04,카메룬,856
2022,04,카보베르데,1
2022,04,카자흐스탄,29402
2022,04,카타르,47
2022,04,캄보디아,42122
2022,04,캐나다,25091
2022,04,케냐,430
2022,04,코모로,5
2022,04,코소보,6
2022,04,코스타리카,107
2022,04,코트디부아르,211
2022,04,콜롬비아,601
2022,04,콩고,36
2022,04,콩고민주공화국,268
2022,04,쿠바,38
2022,04,쿠웨이트,65
2022,04,크로아티아,122
2022,04,키르기즈,6710
2022,04,키리바시,1
2022,04,키프로스,33
2022,04,태국,171962
2022,04,타이완,18782
2022,04,타지키스탄,1391
2022,04,탄자니아,335
2022,04,터키,2638
2022,04,토고,47
2022,04,통가,5
2022,04,투르크메니스탄,438
2022,04,튀니지,350
2022,04,트리니다드토바고,24
2022,04,티모르민주공화국,2675
2022,04,파나마,84
2022,04,파라과이,214
2022,04,파키스탄,12679
2022,04,파푸아뉴기니,13
2022,04,팔라우,10
2022,04,팔레스타인,68
2022,04,페루,746
2022,04,포르투갈,243
2022,04,폴란드,732
2022,04,프랑스,6976
2022,04,피지,78
2022,04,핀란드,425
2022,04,필리핀,47804
2022,04,한국계중국인,607510
2022,04,헝가리,244
2022,04,홍콩,2508
2022,04,홍콩거주난민,15
2022,05,가나,1390
2022,05,가봉,93
2022,05,가이아나,6
2022,05,감비아,127
2022,05,과테말라,132
2022,05,교황청,2
2022,05,국적불명,1
2022,05,국제연합,58
2022,05,그레나다,3
2022,05,그리스,335
2022,05,기니,268
2022,05,기니비사우,23
2022,05,나미비아,2
2022,05,나우루,6
2022,05,나이지리아,2848
2022,05,남수단공화국,26
2022,05,남아프리카공화국,3179
2022,05,네덜란드,1467
2022,05,네팔,38584
2022,05,노르웨이,481
2022,05,뉴질랜드,3896
2022,05,니제르,9
2022,05,니카라과,49
2022,05,덴마크,522
2022,05,도미니카공화국,121
2022,05,도미니카연방,20
2022,05,독일,5847
2022,05,라오스,2270
2022,05,라이베리아,520
2022,05,라트비아,105
2022,05,러시아연방,50248
2022,05,레바논,48
2022,05,레소토,15
2022,05,루마니아,392
2022,05,룩셈부르크,31
2022,05,르완다,277
2022,05,리비아,787
2022,05,리투아니아,161
2022,05,마다가스카르,30
2022,05,마샬군도,16
2022,05,마카오,108
2022,05,말라위,38
2022,05,말레이시아,5784
2022,05,말리,234
2022,05,멕시코,1218
2022,05,모로코,1550
2022,05,모리셔스,27
2022,05,모리타니,15
2022,05,모잠비크,45
2022,05,몬테네그로,16
2022,05,몰도바,53
2022,05,몰디브,3
2022,05,몰타,22
2022,05,몽골,38185
2022,05,무국적,151
2022,05,미국,159717
2022,05,미등록국가,55
2022,05,미상,1
2022,05,미얀마,26967
2022,05,미이크로네시아,10
2022,05,바누아투,15
2022,05,바레인,15
2022,05,바베이도스,8
2022,05,바하마,5
2022,05,방글라데시,18160
2022,05,베냉,26
2022,05,베네수엘라,212
2022,05,베트남,209194
2022,05,벨기에,704
2022,05,벨로루시,300
2022,05,벨리즈,10
2022,05,보스니아헤르체고비나,12
2022,05,보츠와나,25
2022,05,볼리비아,73
2022,05,부룬디,164
2022,05,부르키나파소,50
2022,05,부베트,1
2022,05,부탄,47
2022,05,북마케도니아,15
2022,05,불가리아,177
2022,05,브라질,1931
2022,05,브루나이,127
2022,05,사모아,5
2022,05,사우디아라비아,1078
2022,05,산마리노,1
2022,05,상투메프린시페,2
2022,05,세네갈,333
2022,05,세르비아,90
2022,05,세르비아몬테네그로,1
2022,05,세이셸,3
2022,05,세인트루시아,4
2022,05,세인트빈센트그레나딘,1
2022,05,세인트크리스토퍼네비스,20
2022,05,소말리아,24
2022,05,솔로몬군도,7
2022,05,수단,300
2022,05,수리남,6
2022,05,스리랑카,20159
2022,05,스발바르,1
2022,05,스웨덴,948
2022,05,스위스,744
2022,05,스페인,1681
2022,05,슬로바크,115
2022,05,슬로베니아,66
2022,05,시리아,1572
2022,05,시에라리온,100
2022,05,싱가포르,3203
2022,05,아랍에미리트연합,645
2022,05,아르메니아,70
2022,05,아르헨티나,516
2022,05,아이슬란드,13
2022,05,아이티,193
2022,05,아일랜드,792
2022,05,아제르바이잔,294
2022,05,아프가니스탄,856
2022,05,안도라,2
2022,05,알바니아,52
2022,05,알제리,482
2022,05,앙골라,149
2022,05,앤티카바부다,1
2022,05,에리트레아,15
2022,05,에스와티니,23
2022,05,에스토니아,64
2022,05,에콰도르,308
2022,05,에티오피아,1090
2022,05,엘살바도르,64
2022,05,영국,7592
2022,05,영국속령지시민,1
2022,05,영국외지민,83
2022,05,영국외지시민,1
2022,05,예멘공화국,1098
2022,05,오만,77
2022,05,오스트레일리아,9316
2022,05,오스트리아,511
2022,05,온두라스,75
2022,05,요르단,519
2022,05,우간다,517
2022,05,우루과이,49
2022,05,우즈베키스탄,68546
2022,05,우크라이나,4450
2022,05,유고슬라비아,1
2022,05,이라크,596
2022,05,이란,1986
2022,05,이스라엘,358
2022,05,이집트,2851
2022,05,이탈리아,1549
2022,05,인도,12585
2022,05,인도네시아,36399
2022,05,일본,30086
2022,05,자메이카,62
2022,05,자이르,7
2022,05,잠비아,109
2022,05,적도기니,12
2022,05,조지아,101
2022,05,중국,223307
2022,05,중앙아프리카공화국,13
2022,05,지부티,5
2022,05,짐바브웨,120
2022,05,차드,11
2022,05,체코,256
2022,05,칠레,328
2022,05,카메룬,857
2022,05,카보베르데,1
2022,05,카자흐스탄,31482
2022,05,카타르,62
2022,05,캄보디아,42341
2022,05,캐나다,26290
2022,05,케냐,428
2022,05,코모로,4
2022,05,코소보,5
2022,05,코스타리카,111
2022,05,코트디부아르,210
2022,05,콜롬비아,656
2022,05,콩고,34
2022,05,콩고민주공화국,272
2022,05,쿠바,39
2022,05,쿠웨이트,90
2022,05,크로아티아,114
2022,05,키르기즈,6849
2022,05,키리바시,1
2022,05,키프로스,33
2022,05,태국,174721
2022,05,타이완,18870
2022,05,타지키스탄,1436
2022,05,탄자니아,330
2022,05,터키,3315
2022,05,토고,48
2022,05,통가,5
2022,05,투르크메니스탄,438
2022,05,튀니지,365
2022,05,트리니다드토바고,25
2022,05,티모르민주공화국,2766
2022,05,파나마,84
2022,05,파라과이,218
2022,05,파키스탄,12788
2022,05,파푸아뉴기니,15
2022,05,팔라우,10
2022,05,팔레스타인,66
2022,05,페루,770
2022,05,포르투갈,275
2022,05,폴란드,742
2022,05,프랑스,7034
2022,05,피지,79
2022,05,핀란드,449
2022,05,필리핀,49296
2022,05,한국계중국인,606442
2022,05,헝가리,269
2022,05,홍콩,2577
2022,05,홍콩거주난민,15
2022,06,가나,1415
2022,06,가봉,94
2022,06,가이아나,5
2022,06,감비아,127
2022,06,과테말라,128
2022,06,교황청,2
2022,06,국적불명,1
2022,06,국제연합,55
2022,06,그레나다,2
2022,06,그리스,316
2022,06,기니,270
2022,06,기니비사우,23
2022,06,나미비아,1
2022,06,나우루,6
2022,06,나이지리아,2831
2022,06,남수단공화국,26
2022,06,남아프리카공화국,3224
2022,06,네덜란드,1491
2022,06,네팔,39971
2022,06,노르웨이,569
2022,06,뉴질랜드,4018
2022,06,니제르,9
2022,06,니카라과,50
2022,06,덴마크,542
2022,06,도미니카공화국,112
2022,06,도미니카연방,21
2022,06,독일,5870
2022,06,라오스,2339
2022,06,라이베리아,523
2022,06,라트비아,87
2022,06,러시아(연방),51271
2022,06,레바논,63
2022,06,레소토,7
2022,06,루마니아,366
2022,06,룩셈부르크,30
2022,06,르완다,274
2022,06,리비아,762
2022,06,리투아니아,183
2022,06,마다가스카르,30
2022,06,마샬군도,13
2022,06,마카오,110
2022,06,말라위,36
2022,06,말레이시아,6031
2022,06,말리,236
2022,06,멕시코,1345
2022,06,모로코,1590
2022,06,모리셔스,32
2022,06,모리타니,15
2022,06,모잠비크,50
2022,06,몬테네그로,22
2022,06,몰도바,54
2022,06,몰디브,4
2022,06,몰타,21
2022,06,몽골,39746
2022,06,무국적,155
2022,06,미국,168175
2022,06,미등록국가,50
2022,06,미상,1
2022,06,미얀마,27350
2022,06,미이크로네시아,9
2022,06,바누아투,18
2022,06,바레인,22
2022,06,바베이도스,9
2022,06,바하마,5
2022,06,방글라데시,18564
2022,06,베냉,26
2022,06,베네수엘라,219
2022,06,베트남,215829
2022,06,벨기에,738
2022,06,벨로루시,307
2022,06,벨리즈,12
2022,06,보스니아-헤르체고비나,9
2022,06,보츠와나,26
2022,06,볼리비아,71
2022,06,부룬디,166
2022,06,부르키나파소,51
2022,06,부탄,53
2022,06,북마케도니아,14
2022,06,불가리아,197
2022,06,브라질,1959
2022,06,브루나이,97
2022,06,사모아,5
2022,06,사우디아라비아,1150
2022,06,산마리노,2
2022,06,상투메프린시페,2
2022,06,세네갈,336
2022,06,세르비아,102
2022,06,세르비아몬테네그로,1
2022,06,세이셸,3
2022,06,세인트루시아,3
2022,06,세인트빈센트그레나딘,1
2022,06,세인트크리스토퍼네비스,21
2022,06,소말리아,24
2022,06,솔로몬군도,7
2022,06,수단,299
2022,06,수리남,6
2022,06,스리랑카,20574
2022,06,스발바르,1
2022,06,스웨덴,1066
2022,06,스위스,771
2022,06,스페인,1611
2022,06,슬로바크,138
2022,06,슬로베니아,72
2022,06,시리아,1606
2022,06,시에라리온,95
2022,06,싱가포르,3826
2022,06,아랍에미리트연합,742
2022,06,아르메니아,72
2022,06,아르헨티나,499
2022,06,아이슬란드,22
2022,06,아이티,194
2022,06,아일랜드,831
2022,06,아제르바이잔,284
2022,06,아프가니스탄,872
2022,06,안도라,2
2022,06,알바니아,56
2022,06,알제리,476
2022,06,앙골라,145
2022,06,앤티카바부다,1
2022,06,에리트레아,15
2022,06,에스와티니,24
2022,06,에스토니아,69
2022,06,에콰도르,303
2022,06,에티오피아,1105
2022,06,엘살바도르,71
2022,06,영국,7781
2022,06,영국속령지시민,3
2022,06,영국외지민,87
2022,06,영국외지시민,1
2022,06,예멘공화국,1099
2022,06,오만,89
2022,06,오스트레일리아,9755
2022,06,오스트리아,455
2022,06,온두라스,80
2022,06,요르단,551
2022,06,우간다,520
2022,06,우루과이,41
2022,06,우즈베키스탄,70483
2022,06,우크라이나,4632
2022,06,유고슬라비아,1
2022,06,이라크,601
2022,06,이란,1981
2022,06,이스라엘,365
2022,06,이집트,2859
2022,06,이탈리아,1624
2022,06,인도,13136
2022,06,인도네시아,38124
2022,06,일본,30913
2022,06,자메이카,59
2022,06,자이르,7
2022,06,잠비아,114
2022,06,적도기니,10
2022,06,조지아,135
2022,06,중국,224275
2022,06,중앙아프리카공화국,14
2022,06,지부티,5
2022,06,짐바브웨,119
2022,06,차드,10
2022,06,체코,306
2022,06,칠레,344
2022,06,카메룬,856
2022,06,카보베르데,1
2022,06,카자흐스탄,34981
2022,06,카타르,75
2022,06,캄보디아,42921
2022,06,캐나다,26990
2022,06,케냐,447
2022,06,코모로,4
2022,06,코소보,4
2022,06,코스타리카,127
2022,06,코트디부아르,235
2022,06,콜롬비아,675
2022,06,콩고,36
2022,06,콩고민주공화국,272
2022,06,쿠바,43
2022,06,쿠웨이트,98
2022,06,크로아티아,134
2022,06,키르기즈,7144
2022,06,키리바시,2
2022,06,키프로스,36
2022,06,태국,181783
2022,06,타이완,19007
2022,06,타지키스탄,1456
2022,06,탄자니아,335
2022,06,토고,49
2022,06,통가,5
2022,06,투르크메니스탄,439
2022,06,튀니지,368
2022,06,튀르키예,3785
2022,06,트리니다드토바고,24
2022,06,티모르민주공화국,2858
2022,06,파나마,81
2022,06,파라과이,222
2022,06,파키스탄,13062
2022,06,파푸아뉴기니,16
2022,06,팔라우,10
2022,06,팔레스타인,74
2022,06,페루,783
2022,06,포르투갈,264
2022,06,폴란드,813
2022,06,프랑스,6816
2022,06,피지,96
2022,06,핀란드,476
2022,06,필리핀,50481
2022,06,한국계중국인,605906
2022,06,헝가리,281
2022,06,홍콩,2820
2022,06,홍콩거주난민,15
2022,07,가나,1438
2022,07,가봉,95
2022,07,가이아나,9
2022,07,감비아,126
2022,07,과테말라,130
2022,07,교황청,2
2022,07,국적불명,1
2022,07,국제연합,56
2022,07,그레나다,1
2022,07,그리스,322
2022,07,기니,270
2022,07,기니비사우,21
2022,07,나미비아,1
2022,07,나우루,6
2022,07,나이지리아,2828
2022,07,남수단공화국,26
2022,07,남아프리카공화국,3330
2022,07,네덜란드,2024
2022,07,네팔,41236
2022,07,노르웨이,514
2022,07,뉴질랜드,4075
2022,07,니제르,9
2022,07,니카라과,53
2022,07,덴마크,553
2022,07,도미니카공화국,116
2022,07,도미니카연방,18
2022,07,독일,6182
2022,07,라오스,2403
2022,07,라이베리아,535
2022,07,라트비아,96
2022,07,러시아(연방),52282
2022,07,레바논,47
2022,07,레소토,6
2022,07,루마니아,374
2022,07,룩셈부르크,49
2022,07,르완다,298
2022,07,리비아,765
2022,07,리투아니아,130
2022,07,마다가스카르,35
2022,07,마샬군도,23
2022,07,마카오,110
2022,07,말라위,37
2022,07,말레이시아,6059
2022,07,말리,237
2022,07,멕시코,1242
2022,07,모나코,5
2022,07,모로코,1625
2022,07,모리셔스,33
2022,07,모리타니,15
2022,07,모잠비크,43
2022,07,몬테네그로,29
2022,07,몰도바,54
2022,07,몰디브,3
2022,07,몰타,21
2022,07,몽골,41137
2022,07,무국적,161
2022,07,미국,163406
2022,07,미등록국가,56
2022,07,미상,1
2022,07,미얀마,28341
2022,07,미이크로네시아,9
2022,07,바누아투,19
2022,07,바레인,16
2022,07,바베이도스,11
2022,07,바하마,7
2022,07,방글라데시,18866
2022,07,베냉,25
2022,07,베네수엘라,224
2022,07,베트남,220444
2022,07,벨기에,830
2022,07,벨로루시,340
2022,07,벨리즈,10
2022,07,보스니아-헤르체고비나,12
2022,07,보츠와나,25
2022,07,볼리비아,75
2022,07,부룬디,171
2022,07,부르키나파소,49
2022,07,부탄,52
2022,07,북마케도니아,15
2022,07,불가리아,185
2022,07,불령가이아나,1
2022,07,브라질,2007
2022,07,브루나이,105
2022,07,사모아,5
2022,07,사우디아라비아,1163
2022,07,산마리노,2
2022,07,상투메프린시페,2
2022,07,세네갈,336
2022,07,세르비아,102
2022,07,세르비아몬테네그로,1
2022,07,세이셸,3
2022,07,세인트루시아,5
2022,07,세인트빈센트그레나딘,1
2022,07,세인트크리스토퍼네비스,29
2022,07,소말리아,25
2022,07,솔로몬군도,7
2022,07,수단,304
2022,07,수리남,6
2022,07,스리랑카,20958
2022,07,스발바르,1
2022,07,스웨덴,898
2022,07,스위스,1030
2022,07,스페인,1765
2022,07,슬로바크,144
2022,07,슬로베니아,82
2022,07,시리아,1604
2022,07,시에라리온,93
2022,07,싱가포르,2708
2022,07,아랍에미리트연합,874
2022,07,아르메니아,78
2022,07,아르헨티나,543
2022,07,아이슬란드,23
2022,07,아이티,194
2022,07,아일랜드,872
2022,07,아제르바이잔,295
2022,07,아프가니스탄,873
2022,07,안도라,1
2022,07,알바니아,54
2022,07,알제리,481
2022,07,앙골라,146
2022,07,앤티카바부다,2
2022,07,에리트레아,15
2022,07,에스와티니,25
2022,07,에스토니아,65
2022,07,에콰도르,313
2022,07,에티오피아,1105
2022,07,엘살바도르,65
2022,07,영국,8425
2022,07,영국속령지시민,3
2022,07,영국외지민,96
2022,07,영국외지시민,2
2022,07,예멘공화국,1097
2022,07,오만,125
2022,07,오스트레일리아,9402
2022,07,오스트리아,592
2022,07,온두라스,77
2022,07,요르단,573
2022,07,우간다,528
2022,07,우루과이,41
2022,07,우즈베키스탄,72763
2022,07,우크라이나,4729
2022,07,유고슬라비아,1
2022,07,이라크,598
2022,07,이란,2019
2022,07,이스라엘,359
2022,07,이집트,2871
2022,07,이탈리아,1658
2022,07,인도,13696
2022,07,인도네시아,39409
2022,07,일본,31930
2022,07,자메이카,62
2022,07,자이르,7
2022,07,잠비아,99
2022,07,적도기니,11
2022,07,조지아,106
2022,07,중국,226756
2022,07,중앙아프리카공화국,13
2022,07,지부티,5
2022,07,짐바브웨,122
2022,07,차드,9
2022,07,체코,320
2022,07,칠레,375
2022,07,카메룬,863
2022,07,카보베르데,1
2022,07,카자흐스탄,37528
2022,07,카타르,106
2022,07,캄보디아,43420
2022,07,캐나다,28193
2022,07,케냐,449
2022,07,코모로,4
2022,07,코소보,5
2022,07,코스타리카,111
2022,07,코트디부아르,212
2022,07,콜롬비아,663
2022,07,콩고,38
2022,07,콩고민주공화국,272
2022,07,쿠바,55
2022,07,쿠웨이트,150
2022,07,크로아티아,124
2022,07,키르기즈,7466
2022,07,키리바시,3
2022,07,키프로스,33
2022,07,태국,185221
2022,07,타이완,19194
2022,07,타지키스탄,1631
2022,07,탄자니아,362
2022,07,토고,49
2022,07,통가,7
2022,07,투르크메니스탄,438
2022,07,투발루,1
2022,07,튀니지,365
2022,07,튀르키예,3823
2022,07,트리니다드토바고,25
2022,07,티모르민주공화국,2925
2022,07,파나마,86
2022,07,파라과이,222
2022,07,파키스탄,13246
2022,07,파푸아뉴기니,18
2022,07,팔라우,12
2022,07,팔레스타인,77
2022,07,페루,802
2022,07,포르투갈,286
2022,07,폴란드,846
2022,07,프랑스,7673
2022,07,피지,85
2022,07,핀란드,377
2022,07,필리핀,51481
2022,07,한국계중국인,606207
2022,07,헝가리,278
2022,07,홍콩,3127
2022,07,홍콩거주난민,15
2022,08,가나,1483
2022,08,가봉,98
2022,08,가이아나,10
2022,08,감비아,134
2022,08,과테말라,142
2022,08,교황청,2
2022,08,국적불명,2
2022,08,국제연합,65
2022,08,그레나다,4
2022,08,그리스,354
2022,08,기니,270
2022,08,기니비사우,21
2022,08,나미비아,5
2022,08,나우루,6
2022,08,나이지리아,2886
2022,08,남수단공화국,27
2022,08,남아프리카공화국,3430
2022,08,네덜란드,1899
2022,08,네팔,42996
2022,08,노르웨이,518
2022,08,뉴질랜드,4160
2022,08,니제르,10
2022,08,니카라과,58
2022,08,덴마크,676
2022,08,도미니카공화국,128
2022,08,도미니카연방,18
2022,08,독일,8046
2022,08,라오스,2576
2022,08,라이베리아,534
2022,08,라트비아,129
2022,08,러시아(연방),52510
2022,08,레바논,59
2022,08,레소토,6
2022,08,루마니아,440
2022,08,룩셈부르크,72
2022,08,르완다,324
2022,08,리비아,756
2022,08,리투아니아,194
2022,08,마다가스카르,49
2022,08,마샬군도,28
2022,08,마카오,121
2022,08,말라위,51
2022,08,말레이시아,6754
2022,08,말리,246
2022,08,멕시코,1523
2022,08,모로코,1697
2022,08,모리셔스,35
2022,08,모리타니,16
2022,08,모잠비크,53
2022,08,몬테네그로,25
2022,08,몰도바,63
2022,08,몰디브,7
2022,08,몰타,21
2022,08,몽골,42723
2022,08,무국적,170
2022,08,미국,158628
2022,08,미등록국가,57
2022,08,미상,1
2022,08,미얀마,29801
2022,08,미이크로네시아,10
2022,08,바누아투,20
2022,08,바레인,24
2022,08,바베이도스,11
2022,08,바하마,9
2022,08,방글라데시,19604
2022,08,베냉,27
2022,08,베네수엘라,226
2022,08,베트남,226563
2022,08,벨기에,908
2022,08,벨로루시,373
2022,08,벨리즈,9
2022,08,보스니아-헤르체고비나,16
2022,08,보츠와나,21
2022,08,볼리비아,94
2022,08,부룬디,187
2022,08,부르키나파소,55
2022,08,부탄,49
2022,08,북마케도니아,18
2022,08,불가리아,216
2022,08,불령가이아나,1
2022,08,브라질,2080
2022,08,브루나이,186
2022,08,사모아,6
2022,08,사우디아라비아,1252
2022,08,산마리노,2
2022,08,상투메프린시페,2
2022,08,세네갈,364
2022,08,세르비아,104
2022,08,세르비아몬테네그로,1
2022,08,세이셸,3
2022,08,세인트루시아,4
2022,08,세인트빈센트그레나딘,1
2022,08,세인트크리스토퍼네비스,29
2022,08,소말리아,26
2022,08,솔로몬군도,10
2022,08,수단,330
2022,08,수리남,6
2022,08,스리랑카,21484
2022,08,스발바르,1
2022,08,스웨덴,1054
2022,08,스위스,1040
2022,08,스페인,2163
2022,08,슬로바크,147
2022,08,슬로베니아,88
2022,08,시리아,1653
2022,08,시에라리온,96
2022,08,싱가포르,2947
2022,08,아랍에미리트연합,825
2022,08,아르메니아,73
2022,08,아르헨티나,538
2022,08,아이슬란드,30
2022,08,아이티,195
2022,08,아일랜드,877
2022,08,아제르바이잔,341
2022,08,아프가니스탄,889
2022,08,안도라,5
2022,08,알바니아,57
2022,08,알제리,503
2022,08,앙골라,154
2022,08,앤티카바부다,2
2022,08,에리트레아,15
2022,08,에스와티니,23
2022,08,에스토니아,71
2022,08,에콰도르,339
2022,08,에티오피아,1158
2022,08,엘살바도르,75
2022,08,영국,8454
2022,08,영국속령지시민,2
2022,08,영국외지민,111
2022,08,영국외지시민,1
2022,08,예멘공화국,1116
2022,08,오만,87
2022,08,오스트레일리아,10152
2022,08,오스트리아,711
2022,08,온두라스,80
2022,08,요르단,602
2022,08,우간다,578
2022,08,우루과이,49
2022,08,우즈베키스탄,75096
2022,08,우크라이나,4903
2022,08,유고슬라비아,1
2022,08,이라크,613
2022,08,이란,2094
2022,08,이스라엘,435
2022,08,이집트,2908
2022,08,이탈리아,2000
2022,08,인도,14295
2022,08,인도네시아,41947
2022,08,일본,36804
2022,08,자메이카,89
2022,08,자이르,7
2022,08,잠비아,96
2022,08,적도기니,11
2022,08,조지아,145
2022,08,중국,237774
2022,08,중앙아프리카공화국,13
2022,08,지부티,5
2022,08,짐바브웨,130
2022,08,차드,9
2022,08,체코,416
2022,08,칠레,389
2022,08,카메룬,884
2022,08,카보베르데,1
2022,08,카자흐스탄,38386
2022,08,카타르,76
2022,08,캄보디아,44193
2022,08,캐나다,26862
2022,08,케냐,495
2022,08,코모로,7
2022,08,코소보,6
2022,08,코스타리카,132
2022,08,코트디부아르,230
2022,08,콜롬비아,767
2022,08,콩고,40
2022,08,콩고민주공화국,305
2022,08,쿠바,37
2022,08,쿠웨이트,149
2022,08,크로아티아,154
2022,08,키르기즈,7877
2022,08,키리바시,1
2022,08,키프로스,44
2022,08,태국,185169
2022,08,타이완,20514
2022,08,타지키스탄,1884
2022,08,탄자니아,430
2022,08,토고,49
2022,08,통가,5
2022,08,투르크메니스탄,470
2022,08,튀니지,377
2022,08,튀르키예,3906
2022,08,트리니다드토바고,31
2022,08,티모르민주공화국,3035
2022,08,파나마,100
2022,08,파라과이,241
2022,08,파키스탄,13560
2022,08,파푸아뉴기니,20
2022,08,팔라우,11
2022,08,팔레스타인,92
2022,08,페루,830
2022,08,포르투갈,330
2022,08,폴란드,989
2022,08,프랑스,8624
2022,08,피지,104
2022,08,핀란드,492
2022,08,필리핀,52739
2022,08,한국계중국인,606076
2022,08,헝가리,356
2022,08,홍콩,3327
2022,08,홍콩거주난민,15
2022,09,가나,1532
2022,09,가봉,99
2022,09,가이아나,12
2022,09,감비아,134
2022,09,과테말라,138
2022,09,교황청,2
2022,09,국적불명,2
2022,09,국제연합,73
2022,09,그레나다,2
2022,09,그리스,337
2022,09,기니,269
2022,09,기니비사우,21
2022,09,나미비아,1
2022,09,나우루,6
2022,09,나이지리아,2939
2022,09,남수단공화국,30
2022,09,남아프리카공화국,3483
2022,09,네덜란드,2115
2022,09,네팔,44945
2022,09,노르웨이,619
2022,09,뉴질랜드,4737
2022,09,니제르,9
2022,09,니카라과,56
2022,09,덴마크,741
2022,09,도미니카공화국,128
2022,09,도미니카연방,20
2022,09,독일,8708
2022,09,라오스,2682
2022,09,라이베리아,541
2022,09,라트비아,119
2022,09,러시아(연방),53644
2022,09,레바논,64
2022,09,레소토,6
2022,09,루마니아,429
2022,09,룩셈부르크,53
2022,09,르완다,357
2022,09,리비아,805
2022,09,리투아니아,223
2022,09,리히텐슈타인,1
2022,09,마다가스카르,44
2022,09,마샬군도,25
2022,09,마카오,131
2022,09,말라위,50
2022,09,말레이시아,6929
2022,09,말리,256
2022,09,멕시코,1602
2022,09,모로코,1753
2022,09,모리셔스,43
2022,09,모리타니,16
2022,09,모잠비크,58
2022,09,몬테네그로,20
2022,09,몰도바,66
2022,09,몰디브,9
2022,09,몰타,22
2022,09,몽골,45629
2022,09,무국적,167
2022,09,미국,165842
2022,09,미국인근섬,1
2022,09,미등록국가,52
2022,09,미얀마,31079
2022,09,미이크로네시아,9
2022,09,바누아투,19
2022,09,바레인,29
2022,09,바베이도스,13
2022,09,바하마,8
2022,09,방글라데시,19883
2022,09,베냉,28
2022,09,베네수엘라,241
2022,09,베트남,231962
2022,09,벨기에,961
2022,09,벨로루시,391
2022,09,벨리즈,11
2022,09,보스니아-헤르체고비나,22
2022,09,보츠와나,25
2022,09,볼리비아,100
2022,09,부룬디,210
2022,09,부르키나파소,52
2022,09,부탄,52
2022,09,북마케도니아,21
2022,09,불가리아,200
2022,09,불령가이아나,1
2022,09,브라질,2214
2022,09,브루나이,181
2022,09,사모아,5
2022,09,사우디아라비아,1196
2022,09,산마리노,2
2022,09,상투메프린시페,2
2022,09,세네갈,348
2022,09,세르비아,116
2022,09,세르비아몬테네그로,1
2022,09,세이셸,3
2022,09,세인트루시아,7
2022,09,세인트빈센트그레나딘,4
2022,09,세인트크리스토퍼네비스,26
2022,09,소말리아,27
2022,09,솔로몬군도,11
2022,09,수단,339
2022,09,수리남,8
2022,09,스리랑카,22157
2022,09,스발바르,1
2022,09,스웨덴,1182
2022,09,스위스,1087
2022,09,스페인,2159
2022,09,슬로바크,191
2022,09,슬로베니아,94
2022,09,시리아,1657
2022,09,시에라리온,95
2022,09,싱가포르,5326
2022,09,아랍에미리트연합,821
2022,09,아르메니아,75
2022,09,아르헨티나,603
2022,09,아이슬란드,33
2022,09,아이티,196
2022,09,아일랜드,904
2022,09,아제르바이잔,349
2022,09,아프가니스탄,897
2022,09,안도라,2
2022,09,알바니아,56
2022,09,알제리,522
2022,09,앙골라,160
2022,09,앤티카바부다,6
2022,09,에리트레아,15
2022,09,에스와티니,24
2022,09,에스토니아,103
2022,09,에콰도르,374
2022,09,에티오피아,1172
2022,09,엘살바도르,88
2022,09,영국,8520
2022,09,영국외지민,122
2022,09,영국외지시민,1
2022,09,예멘공화국,1133
2022,09,오만,87
2022,09,오스트레일리아,12346
2022,09,오스트리아,671
2022,09,온두라스,98
2022,09,요르단,627
2022,09,우간다,595
2022,09,우루과이,61
2022,09,우즈베키스탄,77212
2022,09,우크라이나,5019
2022,09,유고슬라비아,1
2022,09,이라크,628
2022,09,이란,2043
2022,09,이스라엘,896
2022,09,이집트,2973
2022,09,이탈리아,1992
2022,09,인도,14957
2022,09,인도네시아,43949
2022,09,일본,36038
2022,09,자메이카,69
2022,09,자이르,7
2022,09,잠비아,104
2022,09,적도기니,10
2022,09,조지아,132
2022,09,중국,244850
2022,09,중앙아프리카공화국,14
2022,09,지부티,5
2022,09,짐바브웨,139
2022,09,차드,10
2022,09,체코,413
2022,09,칠레,436
2022,09,카메룬,912
2022,09,카자흐스탄,39253
2022,09,카타르,71
2022,09,캄보디아,45472
2022,09,캐나다,28788
2022,09,케냐,511
2022,09,코모로,3
2022,09,코소보,5
2022,09,코스타리카,130
2022,09,코트디부아르,230
2022,09,콜롬비아,793
2022,09,콩고,38
2022,09,콩고민주공화국,307
2022,09,쿠바,39
2022,09,쿠웨이트,122
2022,09,크로아티아,147
2022,09,키르기즈,8200
2022,09,키리바시,5
2022,09,키프로스,39
2022,09,태국,186910
2022,09,타이완,20411
2022,09,타지키스탄,2292
2022,09,탄자니아,455
2022,09,토고,50
2022,09,통가,6
2022,09,투르크메니스탄,489
2022,09,튀니지,395
2022,09,튀르키예,3891
2022,09,트리니다드토바고,29
2022,09,티모르민주공화국,3127
2022,09,파나마,110
2022,09,파라과이,227
2022,09,파키스탄,13861
2022,09,파푸아뉴기니,22
2022,09,팔라우,8
2022,09,팔레스타인,93
2022,09,페루,864
2022,09,포르투갈,349
2022,09,폴란드,1095
2022,09,프랑스,9353
2022,09,피지,91
2022,09,핀란드,520
2022,09,필리핀,53579
2022,09,한국계중국인,605703
2022,09,헝가리,367
2022,09,홍콩,3790
2022,09,홍콩거주난민,15
2022,10,가나,1518
2022,10,가봉,101
2022,10,가이아나,11
2022,10,감비아,135
2022,10,과테말라,174
2022,10,교황청,2
2022,10,국적불명,1
2022,10,국제연합,69
2022,10,그레나다,4
2022,10,그리스,340
2022,10,기니,270
2022,10,기니비사우,20
2022,10,나미비아,3
2022,10,나우루,6
2022,10,나이지리아,2975
2022,10,남수단공화국,30
2022,10,남아프리카공화국,3540
2022,10,네덜란드,1859
2022,10,네팔,46063
2022,10,노르웨이,574
2022,10,뉴질랜드,4700
2022,10,니제르,9
2022,10,니카라과,56
2022,10,덴마크,760
2022,10,도미니카공화국,133
2022,10,도미니카연방,23
2022,10,독일,7295
2022,10,라오스,2548
2022,10,라이베리아,539
2022,10,라트비아,116
2022,10,러시아(연방),54285
2022,10,레바논,63
2022,10,레소토,8
2022,10,루마니아,469
2022,10,룩셈부르크,44
2022,10,르완다,365
2022,10,리비아,833
2022,10,리투아니아,237
2022,10,마다가스카르,39
2022,10,마샬군도,23
2022,10,마카오,144
2022,10,말라위,61
2022,10,말레이시아,8229
2022,10,말리,259
2022,10,멕시코,1647
2022,10,모로코,1712
2022,10,모리셔스,35
2022,10,모리타니,18
2022,10,모잠비크,65
2022,10,몬테네그로,14
2022,10,몰도바,67
2022,10,몰디브,6
2022,10,몰타,20
2022,10,몽골,47402
2022,10,무국적,170
2022,10,미국,167126
2022,10,미국인근섬,1
2022,10,미등록국가,51
2022,10,미얀마,32052
2022,10,미이크로네시아,10
2022,10,바누아투,19
2022,10,바레인,29
2022,10,바베이도스,8
2022,10,바하마,6
2022,10,방글라데시,20067
2022,10,베냉,27
2022,10,베네수엘라,246
2022,10,베트남,235802
2022,10,벨기에,1010
2022,10,벨로루시,371
2022,10,벨리즈,11
2022,10,보스니아-헤르체고비나,23
2022,10,보츠와나,29
2022,10,볼리비아,111
2022,10,부룬디,214
2022,10,부르키나파소,51
2022,10,부탄,60
2022,10,북마케도니아,17
2022,10,불가리아,205
2022,10,불령가이아나,2
2022,10,브라질,2269
2022,10,브루나이,163
2022,10,사모아,6
2022,10,사우디아라비아,1300
2022,10,산마리노,2
2022,10,상투메프린시페,2
2022,10,세네갈,361
2022,10,세르비아,116
2022,10,세르비아몬테네그로,1
2022,10,세이셸,5
2022,10,세인트루시아,5
2022,10,세인트빈센트그레나딘,2
2022,10,세인트크리스토퍼네비스,30
2022,10,소말리아,27
2022,10,솔로몬군도,10
2022,10,수단,349
2022,10,수리남,5
2022,10,스리랑카,22842
2022,10,스발바르,1
2022,10,스웨덴,1341
2022,10,스위스,950
2022,10,스페인,2089
2022,10,슬로바크,149
2022,10,슬로베니아,97
2022,10,시리아,1682
2022,10,시에라리온,95
2022,10,싱가포르,7944
2022,10,아랍에미리트연합,953
2022,10,아르메니아,74
2022,10,아르헨티나,612
2022,10,아이슬란드,29
2022,10,아이티,198
2022,10,아일랜드,848
2022,10,아제르바이잔,350
2022,10,아프가니스탄,892
2022,10,안도라,3
2022,10,알바니아,50
2022,10,알제리,526
2022,10,앙골라,167
2022,10,앤티카바부다,3
2022,10,에리트레아,15
2022,10,에스와티니,25
2022,10,에스토니아,118
2022,10,에콰도르,390
2022,10,에티오피아,1190
2022,10,엘살바도르,118
2022,10,영국,8368
2022,10,영국외지민,154
2022,10,영국외지시민,1
2022,10,예멘공화국,1127
2022,10,오만,95
2022,10,오스트레일리아,11582
2022,10,오스트리아,651
2022,10,온두라스,89
2022,10,요르단,645
2022,10,우간다,642
2022,10,우루과이,50
2022,10,우즈베키스탄,78158
2022,10,우크라이나,5127
2022,10,유고슬라비아,1
2022,10,이라크,641
2022,10,이란,2059
2022,10,이스라엘,588
2022,10,이집트,2970
2022,10,이탈리아,2039
2022,10,인도,15045
2022,10,인도네시아,46115
2022,10,일본,38576
2022,10,자메이카,66
2022,10,자이르,7
2022,10,잠비아,108
2022,10,적도기니,10
2022,10,조지아,111
2022,10,중국,242232
2022,10,중앙아프리카공화국,14
2022,10,지부티,4
2022,10,짐바브웨,131
2022,10,차드,11
2022,10,체코,415
2022,10,칠레,451
2022,10,카메룬,889
2022,10,카보베르데,1
2022,10,카자흐스탄,39842
2022,10,카타르,69
2022,10,캄보디아,46603
2022,10,캐나다,28884
2022,10,케냐,564
2022,10,코모로,4
2022,10,코소보,6
2022,10,코스타리카,151
2022,10,코트디부아르,229
2022,10,콜롬비아,795
2022,10,콩고,40
2022,10,콩고민주공화국,314
2022,10,쿠바,42
2022,10,쿠웨이트,105
2022,10,크로아티아,131
2022,10,키르기즈,8475
2022,10,키리바시,4
2022,10,키프로스,34
2022,10,태국,190280
2022,10,타이완,21681
2022,10,타지키스탄,2349
2022,10,탄자니아,509
2022,10,토고,48
2022,10,통가,7
2022,10,투르크메니스탄,505
2022,10,튀니지,404
2022,10,튀르키예,3865
2022,10,트리니다드토바고,27
2022,10,티모르민주공화국,3220
2022,10,파나마,109
2022,10,파라과이,239
2022,10,파키스탄,14057
2022,10,파푸아뉴기니,24
2022,10,팔라우,7
2022,10,팔레스타인,96
2022,10,페루,896
2022,10,포르투갈,340
2022,10,폴란드,1024
2022,10,프랑스,9810
2022,10,피지,97
2022,10,핀란드,514
2022,10,필리핀,56373
2022,10,한국계중국인,605745
2022,10,헝가리,389
2022,10,홍콩,5323
2022,10,홍콩거주난민,16
2022,11,가나,1506
2022,11,가봉,96
2022,11,가이아나,10
2022,11,감비아,133
2022,11,과테말라,148
2022,11,교황청,2
2022,11,국적불명,1
2022,11,국제연합,88
2022,11,그레나다,3
2022,11,그리스,335
2022,11,기니,271
2022,11,기니비사우,20
2022,11,나미비아,3
2022,11,나우루,8
2022,11,나이지리아,2904
2022,11,남수단공화국,30
2022,11,남아프리카공화국,3585
2022,11,네덜란드,1574
2022,11,네팔,47368
2022,11,노르웨이,521
2022,11,뉴질랜드,4596
2022,11,니제르,9
2022,11,니카라과,50
2022,11,덴마크,631
2022,11,도미니카공화국,123
2022,11,도미니카연방,21
2022,11,독일,6404
2022,11,라오스,2669
2022,11,라이베리아,540
2022,11,라트비아,116
2022,11,러시아(연방),55110
2022,11,레바논,57
2022,11,레소토,6
2022,11,루마니아,400
2022,11,룩셈부르크,71
2022,11,르완다,370
2022,11,리비아,840
2022,11,리투아니아,189
2022,11,마다가스카르,35
2022,11,마샬군도,22
2022,11,마카오,138
2022,11,말라위,76
2022,11,말레이시아,7849
2022,11,말리,258
2022,11,멕시코,1449
2022,11,모로코,1737
2022,11,모리셔스,37
2022,11,모리타니,16
2022,11,모잠비크,60
2022,11,몬테네그로,16
2022,11,몰도바,62
2022,11,몰디브,5
2022,11,몰타,20
2022,11,몽골,50153
2022,11,무국적,167
2022,11,미국,157577
2022,11,미국인근섬,1
2022,11,미등록국가,50
2022,11,미얀마,32617
2022,11,미이크로네시아,13
2022,11,바누아투,23
2022,11,바레인,29
2022,11,바베이도스,8
2022,11,바하마,11
2022,11,방글라데시,20931
2022,11,베냉,26
2022,11,베네수엘라,233
2022,11,베트남,233660
2022,11,벨기에,827
2022,11,벨로루시,385
2022,11,벨리즈,9
2022,11,보스니아-헤르체고비나,16
2022,11,보츠와나,26
2022,11,볼리비아,104
2022,11,부룬디,216
2022,11,부르키나파소,51
2022,11,부탄,52
2022,11,북마케도니아,15
2022,11,불가리아,191
2022,11,불령가이아나,2
2022,11,브라질,2147
2022,11,브루나이,194
2022,11,사모아,8
2022,11,사우디아라비아,1525
2022,11,산마리노,2
2022,11,상투메프린시페,2
2022,11,세네갈,356
2022,11,세르비아,95
2022,11,세르비아몬테네그로,1
2022,11,세이셸,5
2022,11,세인트루시아,8
2022,11,세인트빈센트그레나딘,3
2022,11,세인트크리스토퍼네비스,25
2022,11,소말리아,29
2022,11,솔로몬군도,9
2022,11,수단,357
2022,11,수리남,5
2022,11,스리랑카,24088
2022,11,스발바르,1
2022,11,스웨덴,1033
2022,11,스위스,768
2022,11,스페인,1881
2022,11,슬로바크,116
2022,11,슬로베니아,88
2022,11,시리아,1699
2022,11,시에라리온,97
2022,11,싱가포르,11921
2022,11,아랍에미리트연합,897
2022,11,아르메니아,74
2022,11,아르헨티나,565
2022,11,아이슬란드,21
2022,11,아이티,200
2022,11,아일랜드,807
2022,11,아제르바이잔,340
2022,11,아프가니스탄,896
2022,11,안도라,1
2022,11,알바니아,51
2022,11,알제리,527
2022,11,앙골라,162
2022,11,앤티카바부다,4
2022,11,에리트레아,16
2022,11,에스와티니,20
2022,11,에스토니아,90
2022,11,에콰도르,337
2022,11,에티오피아,1188
2022,11,엘살바도르,86
2022,11,영국,7877
2022,11,영국외지민,151
2022,11,영국외지시민,1
2022,11,예멘공화국,1138
2022,11,오만,98
2022,11,오스트레일리아,12212
2022,11,오스트리아,544
2022,11,온두라스,77
2022,11,요르단,634
2022,11,우간다,627
2022,11,우루과이,47
2022,11,우즈베키스탄,79019
2022,11,우크라이나,5167
2022,11,유고슬라비아,1
2022,11,이라크,676
2022,11,이란,2093
2022,11,이스라엘,392
2022,11,이집트,2963
2022,11,이탈리아,1862
2022,11,인도,15219
2022,11,인도네시아,46567
2022,11,일본,36728
2022,11,자메이카,62
2022,11,자이르,7
2022,11,잠비아,104
2022,11,적도기니,10
2022,11,조지아,122
2022,11,중국,243075
2022,11,중앙아프리카공화국,18
2022,11,지부티,4
2022,11,짐바브웨,139
2022,11,차드,12
2022,11,체코,403
2022,11,칠레,386
2022,11,카메룬,890
2022,11,카보베르데,1
2022,11,카자흐스탄,40968
2022,11,카타르,125
2022,11,캄보디아,47820
2022,11,캐나다,27520
2022,11,케냐,531
2022,11,코모로,3
2022,11,코소보,7
2022,11,코스타리카,125
2022,11,코트디부아르,243
2022,11,콜롬비아,690
2022,11,콩고,37
2022,11,콩고민주공화국,338
2022,11,쿠바,43
2022,11,쿠웨이트,103
2022,11,크로아티아,148
2022,11,키르기즈,8655
2022,11,키리바시,4
2022,11,키프로스,29
2022,11,태국,191316
2022,11,타이완,22226
2022,11,타지키스탄,2368
2022,11,탄자니아,501
2022,11,토고,44
2022,11,통가,5
2022,11,투르크메니스탄,525
2022,11,투발루,1
2022,11,튀니지,401
2022,11,튀르키예,3986
2022,11,트리니다드토바고,31
2022,11,티모르민주공화국,3321
2022,11,파나마,100
2022,11,파라과이,221
2022,11,파키스탄,14291
2022,11,파푸아뉴기니,25
2022,11,팔라우,10
2022,11,팔레스타인,96
2022,11,페루,900
2022,11,포르투갈,307
2022,11,폴란드,870
2022,11,프랑스,7554
2022,11,피지,92
2022,11,핀란드,440
2022,11,필리핀,54960
2022,11,한국계중국인,605117
2022,11,헝가리,307
2022,11,홍콩,5307
2022,11,홍콩거주난민,17
2022,12,가나,1474
2022,12,가봉,92
2022,12,가이아나,12
2022,12,감비아,140
2022,12,과테말라,133
2022,12,교황청,2
2022,12,국제연합,51
2022,12,그레나다,13
2022,12,그리스,379
2022,12,기니,265
2022,12,기니비사우,18
2022,12,나미비아,2
2022,12,나우루,6
2022,12,나이지리아,2914
2022,12,남수단공화국,31
2022,12,남아프리카공화국,3786
2022,12,네덜란드,1482
2022,12,네팔,47865
2022,12,노르웨이,510
2022,12,뉴질랜드,5865
2022,12,니제르,9
2022,12,니카라과,51
2022,12,덴마크,559
2022,12,도미니카공화국,116
2022,12,도미니카연방,21
2022,12,독일,5912
2022,12,라오스,2743
2022,12,라이베리아,530
2022,12,라트비아,102
2022,12,러시아(연방),56995
2022,12,레바논,49
2022,12,레소토,6
2022,12,루마니아,386
2022,12,룩셈부르크,48
2022,12,르완다,375
2022,12,리비아,857
2022,12,리투아니아,159
2022,12,리히텐슈타인,3
2022,12,마다가스카르,34
2022,12,마샬군도,27
2022,12,마카오,161
2022,12,말라위,45
2022,12,말레이시아,9528
2022,12,말리,262
2022,12,멕시코,1423
2022,12,모로코,1758
2022,12,모리셔스,40
2022,12,모리타니,16
2022,12,모잠비크,57
2022,12,몬테네그로,16
2022,12,몰도바,59
2022,12,몰디브,3
2022,12,몰타,23
2022,12,몽골,53038
2022,12,무국적,172
2022,12,미국,156562
2022,12,미등록국가,52
2022,12,미얀마,33275
2022,12,미이크로네시아,8
2022,12,바누아투,21
2022,12,바레인,22
2022,12,바베이도스,9
2022,12,바하마,7
2022,12,방글라데시,21928
2022,12,베냉,26
2022,12,베네수엘라,239
2022,12,베트남,235007
2022,12,벨기에,725
2022,12,벨로루시,381
2022,12,벨리즈,10
2022,12,보스니아-헤르체고비나,15
2022,12,보츠와나,24
2022,12,볼리비아,99
2022,12,부룬디,215
2022,12,부르키나파소,49
2022,12,부탄,48
2022,12,북마케도니아,15
2022,12,불가리아,172
2022,12,브라질,2335
2022,12,브루나이,336
2022,12,사모아,7
2022,12,사우디아라비아,1104
2022,12,산마리노,2
2022,12,상투메프린시페,2
2022,12,세네갈,338
2022,12,세르비아,91
2022,12,세르비아몬테네그로,1
2022,12,세이셸,3
2022,12,세인트루시아,5
2022,12,세인트빈센트그레나딘,1
2022,12,세인트크리스토퍼네비스,32
2022,12,소말리아,29
2022,12,솔로몬군도,9
2022,12,수단,346
2022,12,수리남,7
2022,12,스리랑카,24912
2022,12,스발바르,1
2022,12,스웨덴,981
2022,12,스위스,792
2022,12,스페인,1745
2022,12,슬로바크,106
2022,12,슬로베니아,75
2022,12,시리아,1690
2022,12,시에라리온,96
2022,12,싱가포르,11178
2022,12,아랍에미리트연합,1035
2022,12,아르메니아,74
2022,12,아르헨티나,598
2022,12,아이슬란드,29
2022,12,아이티,201
2022,12,아일랜드,804
2022,12,아제르바이잔,328
2022,12,아프가니스탄,908
2022,12,안도라,1
2022,12,알바니아,54
2022,12,알제리,498
2022,12,앙골라,158
2022,12,앤티카바부다,3
2022,12,에리트레아,16
2022,12,에스와티니,20
2022,12,에스토니아,84
2022,12,에콰도르,326
2022,12,에티오피아,1167
2022,12,엘살바도르,78
2022,12,영국,8149
2022,12,영국외지민,194
2022,12,영국외지시민,1
2022,12,예멘공화국,1147
2022,12,오만,88
2022,12,오스트레일리아,17819
2022,12,오스트리아,493
2022,12,온두라스,81
2022,12,요르단,602
2022,12,우간다,611
2022,12,우루과이,58
2022,12,우즈베키스탄,79136
2022,12,우크라이나,5205
2022,12,유고슬라비아,1
2022,12,이라크,619
2022,12,이란,2038
2022,12,이스라엘,303
2022,12,이집트,2910
2022,12,이탈리아,1763
2022,12,인도,14419
2022,12,인도네시아,50841
2022,12,일본,46741
2022,12,자메이카,59
2022,12,자이르,7
2022,12,잠비아,104
2022,12,적도기니,10
2022,12,조지아,122
2022,12,중국,246897
2022,12,중앙아프리카공화국,14
2022,12,지부티,4
2022,12,짐바브웨,130
2022,12,차드,11
2022,12,체코,271
2022,12,칠레,423
2022,12,카메룬,878
2022,12,카보베르데,1
2022,12,카자흐스탄,41840
2022,12,카타르,86
2022,12,캄보디아,49240
2022,12,캐나다,27705
2022,12,케냐,531
2022,12,코모로,3
2022,12,코소보,5
2022,12,코스타리카,119
2022,12,코트디부아르,225
2022,12,콜롬비아,722
2022,12,콩고,36
2022,12,콩고민주공화국,297
2022,12,쿠바,44
2022,12,쿠웨이트,99
2022,12,크로아티아,139
2022,12,키르기즈,8696
2022,12,키프로스,28
2022,12,타이완,25417
2022,12,타지키스탄,1939
2022,12,탄자니아,473
2022,12,태국,201681
2022,12,토고,44
2022,12,통가,6
2022,12,투르크메니스탄,574
2022,12,튀니지,449
2022,12,튀르키예,3921
2022,12,트리니다드토바고,29
2022,12,티모르민주공화국,3367
2022,12,파나마,94
2022,12,파라과이,223
2022,12,파키스탄,14460
2022,12,파푸아뉴기니,18
2022,12,팔라우,8
2022,12,팔레스타인,86
2022,12,페루,888
2022,12,포르투갈,291
2022,12,폴란드,736
2022,12,프랑스,7231
2022,12,피지,91
2022,12,핀란드,397
2022,12,필리핀,57452
2022,12,한국계중국인,602907
2022,12,헝가리,293
2022,12,홍콩,8717
2022,12,홍콩거주난민,17
2023,01,가나,1471
2023,01,가봉,91
2023,01,가이아나,11
2023,01,감비아,140
2023,01,과테말라,130
2023,01,교황청,2
2023,01,국제연합,53
2023,01,그레나다,1
2023,01,그리스,285
2023,01,기니,264
2023,01,기니비사우,18
2023,01,나미비아,2
2023,01,나우루,5
2023,01,나이지리아,2859
2023,01,남수단공화국,30
2023,01,남아프리카공화국,3585
2023,01,네덜란드,1031
2023,01,네팔,47381
2023,01,노르웨이,454
2023,01,뉴질랜드,4190
2023,01,니제르,8
2023,01,니카라과,51
2023,01,덴마크,448
2023,01,도미니카공화국,100
2023,01,도미니카연방,16
2023,01,독일,4673
2023,01,라오스,2728
2023,01,라이베리아,528
2023,01,라트비아,112
2023,01,러시아(연방),56702
2023,01,레바논,45
2023,01,레소토,8
2023,01,루마니아,355
2023,01,룩셈부르크,37
2023,01,르완다,380
2023,01,리비아,842
2023,01,리투아니아,131
2023,01,리히텐슈타인,1
2023,01,마다가스카르,31
2023,01,마샬군도,22
2023,01,마카오,123
2023,01,말라위,48
2023,01,말레이시아,6113
2023,01,말리,262
2023,01,멕시코,1183
2023,01,모로코,1690
2023,01,모리셔스,31
2023,01,모리타니,17
2023,01,모잠비크,51
2023,01,몬테네그로,13
2023,01,몰도바,53
2023,01,몰디브,3
2023,01,몰타,19
2023,01,몽골,52572
2023,01,무국적,163
2023,01,미국,146247
2023,01,미국인근섬,1
2023,01,미등록국가,49
2023,01,미얀마,32766
2023,01,미이크로네시아,11
2023,01,바누아투,21
2023,01,바레인,19
2023,01,바베이도스,8
2023,01,바하마,5
2023,01,방글라데시,21763
2023,01,베냉,25
2023,01,베네수엘라,225
2023,01,베트남,230224
2023,01,벨기에,584
2023,01,벨로루시,386
2023,01,벨리즈,6
2023,01,보스니아-헤르체고비나,12
2023,01,보츠와나,24
2023,01,볼리비아,88
2023,01,부룬디,217
2023,01,부르키나파소,51
2023,01,부탄,45
2023,01,북마케도니아,13
2023,01,불가리아,169
2023,01,브라질,2022
2023,01,브루나이,123
2023,01,사모아,5
2023,01,사우디아라비아,1018
2023,01,산마리노,2
2023,01,상투메프린시페,2
2023,01,세네갈,339
2023,01,세르비아,78
2023,01,세르비아몬테네그로,1
2023,01,세이셸,3
2023,01,세인트루시아,4
2023,01,세인트빈센트그레나딘,1
2023,01,세인트크리스토퍼네비스,21
2023,01,소말리아,30
2023,01,솔로몬군도,9
2023,01,수단,343
2023,01,수리남,6
2023,01,스리랑카,25059
2023,01,스발바르,1
2023,01,스웨덴,790
2023,01,스위스,604
2023,01,스페인,1474
2023,01,슬로바크,102
2023,01,슬로베니아,67
2023,01,시리아,1680
2023,01,시에라리온,97
2023,01,싱가포르,1607
2023,01,아랍에미리트연합,697
2023,01,아르메니아,74
2023,01,아르헨티나,532
2023,01,아이슬란드,13
2023,01,아이티,202
2023,01,아일랜드,729
2023,01,아제르바이잔,312
2023,01,아프가니스탄,908
2023,01,안도라,1
2023,01,알바니아,42
2023,01,알제리,491
2023,01,앙골라,154
2023,01,앤티카바부다,2
2023,01,에리트레아,16
2023,01,에스와티니,20
2023,01,에스토니아,57
2023,01,에콰도르,318
2023,01,에티오피아,1176
2023,01,엘살바도르,69
2023,01,영국,7117
2023,01,영국외지민,102
2023,01,영국외지시민,2
2023,01,예멘공화국,1148
2023,01,오만,70
2023,01,오스트레일리아,10392
2023,01,오스트리아,429
2023,01,온두라스,77
2023,01,요르단,574
2023,01,우간다,608
2023,01,우루과이,49
2023,01,우즈베키스탄,79078
2023,01,우크라이나,5169
2023,01,유고슬라비아,1
2023,01,이라크,607
2023,01,이란,1994
2023,01,이스라엘,271
2023,01,이집트,2828
2023,01,이탈리아,1369
2023,01,인도,13835
2023,01,인도네시아,45533
2023,01,일본,31523
2023,01,자메이카,57
2023,01,자이르,7
2023,01,잠비아,105
2023,01,적도기니,10
2023,01,조지아,114
2023,01,중국,242463
2023,01,중앙아프리카공화국,14
2023,01,지부티,4
2023,01,짐바브웨,130
2023,01,차드,11
2023,01,체코,246
2023,01,칠레,425
2023,01,카메룬,879
2023,01,카보베르데,1
2023,01,카자흐스탄,41904
2023,01,카타르,56
2023,01,캄보디아,49049
2023,01,캐나다,25673
2023,01,케냐,535
2023,01,코모로,3
2023,01,코소보,5
2023,01,코스타리카,112
2023,01,코트디부아르,226
2023,01,콜롬비아,640
2023,01,콩고,38
2023,01,콩고민주공화국,300
2023,01,쿠바,42
2023,01,쿠웨이트,71
2023,01,크로아티아,110
2023,01,키르기즈,8650
2023,01,키프로스,28
2023,01,태국,195569
2023,01,타이완,20313
2023,01,타지키스탄,1878
2023,01,탄자니아,473
2023,01,토고,44
2023,01,통가,5
2023,01,투르크메니스탄,597
2023,01,튀니지,432
2023,01,튀르키예,3762
2023,01,트리니다드토바고,27
2023,01,티모르민주공화국,3433
2023,01,파나마,94
2023,01,파라과이,215
2023,01,파키스탄,14314
2023,01,파푸아뉴기니,16
2023,01,팔라우,7
2023,01,팔레스타인,83
2023,01,페루,906
2023,01,포르투갈,230
2023,01,폴란드,690
2023,01,프랑스,6114
2023,01,피지,87
2023,01,핀란드,283
2023,01,필리핀,53369
2023,01,한국계중국인,599818
2023,01,헝가리,256
2023,01,홍콩,3042
2023,01,홍콩거주난민,16
2023,02,가나,1474
2023,02,가봉,92
2023,02,가이아나,14
2023,02,감비아,139
2023,02,과테말라,126
2023,02,교황청,2
2023,02,국제연합,56
2023,02,그레나다,3
2023,02,그리스,265
2023,02,기니,260
2023,02,기니비사우,17
2023,02,나미비아,2
2023,02,나우루,5
2023,02,나이지리아,2871
2023,02,남수단공화국,30
2023,02,남아프리카공화국,3771
2023,02,네덜란드,1200
2023,02,네팔,48286
2023,02,노르웨이,474
2023,02,뉴질랜드,3929
2023,02,니제르,9
2023,02,니카라과,53
2023,02,덴마크,490
2023,02,도미니카공화국,111
2023,02,도미니카연방,17
2023,02,독일,5407
2023,02,라오스,2983
2023,02,라이베리아,531
2023,02,라트비아,101
2023,02,러시아(연방),57505
2023,02,레바논,49
2023,02,레소토,7
2023,02,루마니아,348
2023,02,룩셈부르크,41
2023,02,르완다,390
2023,02,리비아,837
2023,02,리투아니아,167
2023,02,리히텐슈타인,2
2023,02,마다가스카르,34
2023,02,마샬군도,24
2023,02,마카오,134
2023,02,말라위,56
2023,02,말레이시아,6257
2023,02,말리,262
2023,02,멕시코,1290
2023,02,모로코,1737
2023,02,모리셔스,28
2023,02,모리타니,17
2023,02,모잠비크,54
2023,02,몬테네그로,11
2023,02,몰도바,64
2023,02,몰디브,9
2023,02,몰타,17
2023,02,몽골,51396
2023,02,무국적,167
2023,02,미국,147624
2023,02,미등록국가,47
2023,02,미얀마,33081
2023,02,미이크로네시아,11
2023,02,바누아투,22
2023,02,바레인,19
2023,02,바베이도스,10
2023,02,바하마,5
2023,02,방글라데시,22225
2023,02,베냉,25
2023,02,베네수엘라,222
2023,02,베트남,232412
2023,02,벨기에,625
2023,02,벨로루시,411
2023,02,벨리즈,6
2023,02,보스니아-헤르체고비나,10
2023,02,보츠와나,23
2023,02,볼리비아,92
2023,02,부룬디,239
2023,02,부르키나파소,52
2023,02,부탄,41
2023,02,북마케도니아,15
2023,02,불가리아,167
2023,02,브라질,2057
2023,02,브루나이,165
2023,02,사모아,5
2023,02,사우디아라비아,1004
2023,02,산마리노,2
2023,02,상투메프린시페,2
2023,02,세네갈,340
2023,02,세르비아,83
2023,02,세르비아몬테네그로,1
2023,02,세이셸,3
2023,02,세인트루시아,5
2023,02,세인트빈센트그레나딘,1
2023,02,세인트크리스토퍼네비스,20
2023,02,소말리아,32
2023,02,솔로몬군도,9
2023,02,수단,349
2023,02,수리남,5
2023,02,스리랑카,25600
2023,02,스발바르,1
2023,02,스웨덴,847
2023,02,스위스,627
2023,02,스페인,1672
2023,02,슬로바크,95
2023,02,슬로베니아,64
2023,02,시리아,1693
2023,02,시에라리온,99
2023,02,싱가포르,1671
2023,02,아랍에미리트연합,648
2023,02,아르메니아,74
2023,02,아르헨티나,522
2023,02,아이슬란드,11
2023,02,아이티,199
2023,02,아일랜드,726
2023,02,아제르바이잔,351
2023,02,아프가니스탄,905
2023,02,안도라,3
2023,02,알바니아,44
2023,02,알제리,501
2023,02,앙골라,155
2023,02,앤티카바부다,3
2023,02,에리트레아,14
2023,02,에스와티니,20
2023,02,에스토니아,58
2023,02,에콰도르,316
2023,02,에티오피아,1201
2023,02,엘살바도르,77
2023,02,영국,7107
2023,02,영국속령지시민,3
2023,02,영국외지민,93
2023,02,영국외지시민,1
2023,02,예멘공화국,1155
2023,02,오만,65
2023,02,오스트레일리아,9425
2023,02,오스트리아,440
2023,02,온두라스,74
2023,02,요르단,606
2023,02,우간다,602
2023,02,우루과이,56
2023,02,우즈베키스탄,79904
2023,02,우크라이나,5199
2023,02,유고슬라비아,1
2023,02,이라크,569
2023,02,이란,2005
2023,02,이스라엘,266
2023,02,이집트,2849
2023,02,이탈리아,1510
2023,02,인도,13774
2023,02,인도네시아,46854
2023,02,일본,31500
2023,02,자메이카,54
2023,02,자이르,7
2023,02,잠비아,112
2023,02,적도기니,11
2023,02,조지아,115
2023,02,중국,245471
2023,02,중앙아프리카공화국,15
2023,02,지부티,4
2023,02,짐바브웨,132
2023,02,차드,11
2023,02,체코,303
2023,02,칠레,351
2023,02,카메룬,871
2023,02,카보베르데,1
2023,02,카자흐스탄,42203
2023,02,카타르,65
2023,02,캄보디아,49386
2023,02,캐나다,25760
2023,02,케냐,544
2023,02,코모로,3
2023,02,코소보,7
2023,02,코스타리카,115
2023,02,코트디부아르,225
2023,02,콜롬비아,689
2023,02,콩고,37
2023,02,콩고민주공화국,301
2023,02,쿠바,40
2023,02,쿠웨이트,66
2023,02,크로아티아,121
2023,02,키르기즈,8794
2023,02,키프로스,28
2023,02,태국,198309
2023,02,타이완,19331
2023,02,타지키스탄,2043
2023,02,탄자니아,486
2023,02,토고,44
2023,02,통가,5
2023,02,투르크메니스탄,629
2023,02,튀니지,468
2023,02,튀르키예,3747
2023,02,트리니다드토바고,28
2023,02,티모르민주공화국,3531
2023,02,파나마,96
2023,02,파라과이,220
2023,02,파키스탄,14501
2023,02,파푸아뉴기니,14
2023,02,팔라우,10
2023,02,팔레스타인,92
2023,02,페루,907
2023,02,포르투갈,241
2023,02,폴란드,727
2023,02,프랑스,7199
2023,02,피지,86
2023,02,핀란드,401
2023,02,필리핀,53942
2023,02,한국계중국인,598932
2023,02,헝가리,278
2023,02,홍콩,2891
2023,02,홍콩거주난민,15
2023,03,가나,1513
2023,03,가봉,100
2023,03,가이아나,14
2023,03,감비아,139
2023,03,과테말라,146
2023,03,교황청,2
2023,03,국제연합,75
2023,03,그레나다,4
2023,03,그리스,398
2023,03,기니,263
2023,03,기니비사우,18
2023,03,나미비아,8
2023,03,나우루,5
2023,03,나이지리아,2923
2023,03,남수단공화국,30
2023,03,남아프리카공화국,3972
2023,03,네덜란드,1769
2023,03,네팔,50533
2023,03,노르웨이,855
2023,03,뉴질랜드,4635
2023,03,니제르,10
2023,03,니카라과,55
2023,03,덴마크,981
2023,03,도미니카공화국,133
2023,03,도미니카연방,21
2023,03,독일,8162
2023,03,라오스,3382
2023,03,라이베리아,535
2023,03,라트비아,147
2023,03,러시아(연방),61017
2023,03,레바논,55
2023,03,레소토,7
2023,03,루마니아,544
2023,03,룩셈부르크,73
2023,03,르완다,429
2023,03,리비아,835
2023,03,리투아니아,264
2023,03,리히텐슈타인,3
2023,03,마다가스카르,37
2023,03,마샬군도,24
2023,03,마카오,307
2023,03,말라위,57
2023,03,말레이시아,10000
2023,03,말리,263
2023,03,멕시코,1623
2023,03,모나코,1
2023,03,모로코,1763
2023,03,모리셔스,31
2023,03,모리타니,15
2023,03,모잠비크,56
2023,03,몬테네그로,15
2023,03,몰도바,67
2023,03,몰디브,5
2023,03,몰타,38
2023,03,몽골,55607
2023,03,무국적,168
2023,03,미국,168486
2023,03,미등록국가,49
2023,03,미얀마,34080
2023,03,미이크로네시아,12
2023,03,바누아투,23
2023,03,바레인,22
2023,03,바베이도스,10
2023,03,바하마,8
2023,03,방글라데시,23228
2023,03,베냉,24
2023,03,베네수엘라,246
2023,03,베트남,247391
2023,03,벨기에,899
2023,03,벨라루스,422
2023,03,벨리즈,7
2023,03,보스니아-헤르체고비나,13
2023,03,보츠와나,24
2023,03,볼리비아,102
2023,03,부룬디,276
2023,03,부르키나파소,54
2023,03,부탄,46
2023,03,북마케도니아,23
2023,03,불가리아,243
2023,03,브라질,2409
2023,03,브루나이,204
2023,03,사모아,6
2023,03,사우디아라비아,939
2023,03,산마리노,2
2023,03,상투메프린시페,2
2023,03,세네갈,344
2023,03,세르비아,115
2023,03,세르비아몬테네그로,1
2023,03,세이셸,3
2023,03,세인트루시아,6
2023,03,세인트빈센트그레나딘,2
2023,03,세인트크리스토퍼네비스,30
2023,03,소말리아,31
2023,03,솔로몬군도,12
2023,03,수단,361
2023,03,수리남,5
2023,03,스리랑카,26554
2023,03,스발바르,1
2023,03,스웨덴,1237
2023,03,스위스,1117
2023,03,스페인,2223
2023,03,슬로바크,180
2023,03,슬로베니아,89
2023,03,시리아,1733
2023,03,시에라리온,100
2023,03,싱가포르,10297
2023,03,아랍에미리트연합,706
2023,03,아르메니아,81
2023,03,아르헨티나,652
2023,03,아이슬란드,20
2023,03,아이티,203
2023,03,아일랜드,925
2023,03,아제르바이잔,362
2023,03,아프가니스탄,904
2023,03,안도라,1
2023,03,알바니아,51
2023,03,알제리,487
2023,03,앙골라,168
2023,03,앤티카바부다,6
2023,03,에리트레아,16
2023,03,에스와티니,16
2023,03,에스토니아,131
2023,03,에콰도르,361
2023,03,에티오피아,1265
2023,03,엘살바도르,78
2023,03,영국,9946
2023,03,영국외지민,200
2023,03,영국외지시민,2
2023,03,영국해외영토시민,1
2023,03,예멘공화국,1166
2023,03,오만,68
2023,03,오스트레일리아,13549
2023,03,오스트리아,691
2023,03,온두라스,88
2023,03,요르단,607
2023,03,우간다,614
2023,03,우루과이,72
2023,03,우즈베키스탄,81567
2023,03,우크라이나,5333
2023,03,유고슬라비아,1
2023,03,이라크,617
2023,03,이란,2081
2023,03,이스라엘,729
2023,03,이집트,2897
2023,03,이탈리아,2135
2023,03,인도,15250
2023,03,인도네시아,50287
2023,03,일본,46417
2023,03,자메이카,55
2023,03,자이르,7
2023,03,잠비아,120
2023,03,적도기니,12
2023,03,조지아,131
2023,03,중국,262405
2023,03,중앙아프리카공화국,15
2023,03,지부티,4
2023,03,짐바브웨,134
2023,03,차드,11
2023,03,체코,422
2023,03,칠레,468
2023,03,카메룬,874
2023,03,카보베르데,2
2023,03,카자흐스탄,43219
2023,03,카타르,63
2023,03,캄보디아,50482
2023,03,캐나다,29094
2023,03,케냐,582
2023,03,코모로,8
2023,03,코소보,7
2023,03,코스타리카,137
2023,03,코트디부아르,230
2023,03,콜롬비아,810
2023,03,콩고,35
2023,03,콩고민주공화국,303
2023,03,쿠바,40
2023,03,쿠웨이트,71
2023,03,크로아티아,156
2023,03,키르기즈,9113
2023,03,키리바시,4
2023,03,키프로스,44
2023,03,타이완,35956
2023,03,타지키스탄,2280
2023,03,탄자니아,494
2023,03,태국,208288
2023,03,토고,44
2023,03,통가,5
2023,03,투르크메니스탄,707
2023,03,투발루,6
2023,03,튀니지,528
2023,03,튀르키예,3994
2023,03,트리니다드토바고,28
2023,03,티모르민주공화국,3620
2023,03,파나마,111
2023,03,파라과이,231
2023,03,파키스탄,14941
2023,03,파푸아뉴기니,18
2023,03,팔라우,9
2023,03,팔레스타인,89
2023,03,페루,951
2023,03,포르투갈,379
2023,03,폴란드,1084
2023,03,프랑스,9365
2023,03,피지,104
2023,03,핀란드,589
2023,03,필리핀,59449
2023,03,한국계중국인,605529
2023,03,헝가리,409
2023,03,홍콩,8740
2023,03,홍콩거주난민,16
2023,04,가나,1498
2023,04,가봉,97
2023,04,가이아나,14
2023,04,감비아,136
2023,04,과테말라,140
2023,04,교황청,2
2023,04,국제연합,71
2023,04,그레나다,4
2023,04,그리스,322
2023,04,기니,264
2023,04,기니비사우,17
2023,04,나미비아,4
2023,04,나우루,5
2023,04,나이지리아,2901
2023,04,남수단공화국,30
2023,04,남아프리카공화국,4083
2023,04,네덜란드,2556
2023,04,네팔,51484
2023,04,노르웨이,580
2023,04,뉴질랜드,4720
2023,04,니제르,9
2023,04,니카라과,58
2023,04,덴마크,643
2023,04,도미니카공화국,119
2023,04,도미니카연방,22
2023,04,독일,7168
2023,04,라오스,3806
2023,04,라이베리아,537
2023,04,라트비아,139
2023,04,러시아(연방),62456
2023,04,레바논,54
2023,04,레소토,7
2023,04,루마니아,487
2023,04,룩셈부르크,66
2023,04,르완다,414
2023,04,리비아,887
2023,04,리투아니아,218
2023,04,리히텐슈타인,3
2023,04,마다가스카르,34
2023,04,마샬군도,26
2023,04,마카오,267
2023,04,말라위,86
2023,04,말레이시아,10683
2023,04,말리,265
2023,04,멕시코,1517
2023,04,모로코,1794
2023,04,모리셔스,35
2023,04,모리타니,17
2023,04,모잠비크,53
2023,04,몬테네그로,15
2023,04,몰도바,68
2023,04,몰디브,11
2023,04,몰타,28
2023,04,몽골,55329
2023,04,무국적,168
2023,04,미국,169653
2023,04,미등록국가,45
2023,04,미얀마,34101
2023,04,미이크로네시아,16
2023,04,바누아투,33
2023,04,바레인,44
2023,04,바베이도스,9
2023,04,바하마,10
2023,04,방글라데시,23610
2023,04,베냉,23
2023,04,베네수엘라,240
2023,04,베트남,256750
2023,04,벨기에,999
2023,04,벨라루스,421
2023,04,벨리즈,7
2023,04,보스니아-헤르체고비나,17
2023,04,보츠와나,28
2023,04,볼리비아,96
2023,04,부룬디,279
2023,04,부르키나파소,52
2023,04,부탄,47
2023,04,북마케도니아,26
2023,04,불가리아,281
2023,04,브라질,2466
2023,04,브루나이,226
2023,04,사모아,12
2023,04,사우디아라비아,1281
2023,04,산마리노,2
2023,04,상투메프린시페,2
2023,04,세네갈,338
2023,04,세르비아,131
2023,04,세르비아몬테네그로,1
2023,04,세이셸,3
2023,04,세인트루시아,6
2023,04,세인트빈센트그레나딘,3
2023,04,세인트크리스토퍼네비스,31
2023,04,소말리아,32
2023,04,솔로몬군도,14
2023,04,수단,347
2023,04,수리남,6
2023,04,스리랑카,26780
2023,04,스발바르,1
2023,04,스웨덴,1094
2023,04,스위스,1258
2023,04,스페인,1960
2023,04,슬로바크,143
2023,04,슬로베니아,90
2023,04,시리아,1725
2023,04,시에라리온,109
2023,04,싱가포르,7325
2023,04,아랍에미리트연합,770
2023,04,아르메니아,85
2023,04,아르헨티나,624
2023,04,아이슬란드,26
2023,04,아이티,205
2023,04,아일랜드,870
2023,04,아제르바이잔,356
2023,04,아프가니스탄,902
2023,04,안도라,7
2023,04,알바니아,58
2023,04,알제리,502
2023,04,앙골라,155
2023,04,앤티카바부다,6
2023,04,에리트레아,14
2023,04,에스와티니,15
2023,04,에스토니아,99
2023,04,에콰도르,365
2023,04,에티오피아,1262
2023,04,엘살바도르,86
2023,04,영국,9261
2023,04,영국외지민,148
2023,04,영국외지시민,1
2023,04,영국해외영토시민,1
2023,04,예멘공화국,1170
2023,04,오만,81
2023,04,오스트레일리아,13044
2023,04,오스트리아,627
2023,04,온두라스,87
2023,04,요르단,587
2023,04,우간다,603
2023,04,우루과이,68
2023,04,우즈베키스탄,81972
2023,04,우크라이나,5314
2023,04,유고슬라비아,1
2023,04,이라크,595
2023,04,이란,2031
2023,04,이스라엘,663
2023,04,이집트,2871
2023,04,이탈리아,2146
2023,04,인도,15015
2023,04,인도네시아,50751
2023,04,일본,44902
2023,04,자메이카,59
2023,04,자이르,7
2023,04,잠비아,123
2023,04,적도기니,12
2023,04,조지아,160
2023,04,중국,277523
2023,04,중앙아프리카공화국,16
2023,04,지부티,4
2023,04,짐바브웨,131
2023,04,차드,11
2023,04,체코,423
2023,04,칠레,498
2023,04,카메룬,844
2023,04,카보베르데,1
2023,04,카자흐스탄,43284
2023,04,카타르,97
2023,04,캄보디아,50546
2023,04,캐나다,30196
2023,04,케냐,584
2023,04,코모로,5
2023,04,코소보,10
2023,04,코스타리카,131
2023,04,코트디부아르,236
2023,04,콜롬비아,802
2023,04,콩고,35
2023,04,콩고민주공화국,307
2023,04,쿠바,42
2023,04,쿠웨이트,121
2023,04,크로아티아,146
2023,04,키르기즈,9203
2023,04,키리바시,3
2023,04,키프로스,39
2023,04,태국,207169
2023,04,타이완,27395
2023,04,타지키스탄,2398
2023,04,탄자니아,469
2023,04,토고,46
2023,04,통가,13
2023,04,투르크메니스탄,703
2023,04,투발루,5
2023,04,튀니지,563
2023,04,튀르키예,4043
2023,04,트리니다드토바고,39
2023,04,티모르민주공화국,3594
2023,04,파나마,113
2023,04,파라과이,227
2023,04,파키스탄,15071
2023,04,파푸아뉴기니,18
2023,04,팔라우,12
2023,04,팔레스타인,92
2023,04,페루,959
2023,04,포르투갈,373
2023,04,폴란드,1570
2023,04,프랑스,11731
2023,04,피지,94
2023,04,핀란드,525
2023,04,필리핀,59662
2023,04,한국계중국인,608882
2023,04,헝가리,415
2023,04,홍콩,5351
2023,04,홍콩거주난민,16
2023,05,가나,1527
2023,05,가봉,109
2023,05,가이아나,16
2023,05,감비아,137
2023,05,과테말라,147
2023,05,교황청,2
2023,05,국적불명,45
2023,05,국제연합,84
2023,05,그레나다,1
2023,05,그리스,329
2023,05,기니,262
2023,05,기니비사우,15
2023,05,나미비아,5
2023,05,나우루,14
2023,05,나이지리아,2915
2023,05,남수단공화국,31
2023,05,남아프리카공화국,4122
2023,05,네덜란드,2019
2023,05,네팔,53687
2023,05,노르웨이,628
2023,05,뉴질랜드,4678
2023,05,니제르,10
2023,05,니카라과,57
2023,05,덴마크,677
2023,05,도미니카공화국,137
2023,05,도미니카연방,21
2023,05,독일,7822
2023,05,라오스,4424
2023,05,라이베리아,531
2023,05,라트비아,129
2023,05,러시아(연방),63309
2023,05,레바논,72
2023,05,레소토,7
2023,05,루마니아,566
2023,05,룩셈부르크,70
2023,05,르완다,416
2023,05,리비아,972
2023,05,리투아니아,216
2023,05,리히텐슈타인,4
2023,05,마다가스카르,35
2023,05,마샬군도,32
2023,05,마카오,346
2023,05,말라위,63
2023,05,말레이시아,11127
2023,05,말리,266
2023,05,멕시코,1601
2023,05,모로코,1828
2023,05,모리셔스,36
2023,05,모리타니,16
2023,05,모잠비크,65
2023,05,몬테네그로,19
2023,05,몰도바,66
2023,05,몰디브,9
2023,05,몰타,23
2023,05,몽골,54952
2023,05,무국적,172
2023,05,미국,175311
2023,05,미얀마,35049
2023,05,미이크로네시아,16
2023,05,바누아투,26
2023,05,바레인,30
2023,05,바베이도스,13
2023,05,바하마,14
2023,05,방글라데시,24374
2023,05,베냉,22
2023,05,베네수엘라,249
2023,05,베트남,256933
2023,05,벨기에,879
2023,05,벨라루스,404
2023,05,벨리즈,5
2023,05,보스니아-헤르체고비나,21
2023,05,보츠와나,27
2023,05,볼리비아,100
2023,05,부룬디,277
2023,05,부르키나파소,56
2023,05,부탄,59
2023,05,북마케도니아,17
2023,05,불가리아,219
2023,05,브라질,2495
2023,05,브루나이,227
2023,05,사모아,16
2023,05,사우디아라비아,1165
2023,05,산마리노,4
2023,05,상투메프린시페,3
2023,05,세네갈,361
2023,05,세르비아,111
2023,05,세르비아몬테네그로,1
2023,05,세이셸,3
2023,05,세인트루시아,7
2023,05,세인트빈센트그레나딘,2
2023,05,세인트크리스토퍼네비스,34
2023,05,소말리아,33
2023,05,솔로몬군도,15
2023,05,수단,345
2023,05,수리남,5
2023,05,스리랑카,27305
2023,05,스발바르,1
2023,05,스웨덴,1117
2023,05,스위스,1048
2023,05,스페인,2111
2023,05,슬로바크,134
2023,05,슬로베니아,86
2023,05,시리아,1776
2023,05,시에라리온,104
2023,05,싱가포르,9832
2023,05,아랍에미리트연합,787
2023,05,아르메니아,84
2023,05,아르헨티나,598
2023,05,아이슬란드,59
2023,05,아이티,202
2023,05,아일랜드,917
2023,05,아제르바이잔,364
2023,05,아프가니스탄,909
2023,05,안도라,1
2023,05,알바니아,73
2023,05,알제리,534
2023,05,앙골라,176
2023,05,앤티카바부다,2
2023,05,에리트레아,16
2023,05,에스와티니,17
2023,05,에스토니아,105
2023,05,에콰도르,367
2023,05,에티오피아,1270
2023,05,엘살바도르,82
2023,05,영국,9056
2023,05,영국외지민,148
2023,05,영국외지시민,1
2023,05,영국해외영토시민,1
2023,05,예멘공화국,1173
2023,05,오만,83
2023,05,오스트레일리아,12762
2023,05,오스트리아,619
2023,05,온두라스,89
2023,05,요르단,629
2023,05,우간다,628
2023,05,우루과이,69
2023,05,우즈베키스탄,82728
2023,05,우크라이나,5356
2023,05,유고슬라비아,1
2023,05,이라크,612
2023,05,이란,2061
2023,05,이스라엘,692
2023,05,이집트,2909
2023,05,이탈리아,2050
2023,05,인도,15922
2023,05,인도네시아,51808
2023,05,일본,41334
2023,05,자메이카,60
2023,05,자이르,7
2023,05,잠비아,124
2023,05,적도기니,13
2023,05,조지아,153
2023,05,중국,273371
2023,05,중앙아프리카공화국,15
2023,05,지부티,5
2023,05,짐바브웨,138
2023,05,차드,12
2023,05,체코,384
2023,05,칠레,471
2023,05,카메룬,856
2023,05,카보베르데,1
2023,05,카자흐스탄,43687
2023,05,카타르,106
2023,05,캄보디아,51628
2023,05,캐나다,29214
2023,05,케냐,619
2023,05,코모로,7
2023,05,코소보,11
2023,05,코스타리카,141
2023,05,코트디부아르,293
2023,05,콜롬비아,814
2023,05,콩고,35
2023,05,콩고민주공화국,307
2023,05,쿠바,53
2023,05,쿠웨이트,116
2023,05,크로아티아,163
2023,05,키르기즈,9389
2023,05,키리바시,10
2023,05,키프로스,49
2023,05,태국,203614
2023,05,타이완,27455
2023,05,타지키스탄,2403
2023,05,탄자니아,466
2023,05,토고,47
2023,05,통가,20
2023,05,투르크메니스탄,758
2023,05,투발루,6
2023,05,튀니지,574
2023,05,튀르키예,4201
2023,05,트리니다드토바고,38
2023,05,티모르민주공화국,3681
2023,05,파나마,101
2023,05,파라과이,251
2023,05,파키스탄,15272
2023,05,파푸아뉴기니,45
2023,05,팔라우,23
2023,05,팔레스타인,97
2023,05,페루,1008
2023,05,포르투갈,358
2023,05,폴란드,1228
2023,05,프랑스,9756
2023,05,피지,126
2023,05,핀란드,563
2023,05,필리핀,60957
2023,05,한국계중국인,612079
2023,05,헝가리,345
2023,05,홍콩,6549
2023,05,홍콩거주난민,16
2023,06,가나,1520
2023,06,가봉,101
2023,06,가이아나,14
2023,06,감비아,135
2023,06,과테말라,151
2023,06,교황청,1
2023,06,국적불명,44
2023,06,국제연합,55
2023,06,국제연합 전문기구,9
2023,06,그레나다,8
2023,06,그리스,343
2023,06,기니,261
2023,06,기니비사우,15
2023,06,나미비아,9
2023,06,나우루,5
2023,06,나이지리아,2905
2023,06,남수단공화국,32
2023,06,남아프리카공화국,4256
2023,06,네덜란드,1530
2023,06,네팔,56151
2023,06,노르웨이,879
2023,06,뉴질랜드,4685
2023,06,니제르,9
2023,06,니카라과,55
2023,06,덴마크,694
2023,06,도미니카공화국,133
2023,06,도미니카연방,32
2023,06,독일,6408
2023,06,라오스,4588
2023,06,라이베리아,530
2023,06,라트비아,113
2023,06,러시아(연방),65106
2023,06,레바논,67
2023,06,레소토,8
2023,06,루마니아,450
2023,06,룩셈부르크,50
2023,06,르완다,438
2023,06,리비아,907
2023,06,리투아니아,208
2023,06,리히텐슈타인,2
2023,06,마다가스카르,43
2023,06,마샬군도,26
2023,06,마카오,572
2023,06,말라위,57
2023,06,말레이시아,9506
2023,06,말리,268
2023,06,멕시코,1560
2023,06,모로코,1778
2023,06,모리셔스,43
2023,06,모리타니,14
2023,06,모잠비크,74
2023,06,몬테네그로,12
2023,06,몰도바,60
2023,06,몰디브,8
2023,06,몰타,21
2023,06,몽골,57322
2023,06,무국적,171
2023,06,미국,183999
2023,06,미얀마,36219
2023,06,미이크로네시아,14
2023,06,바누아투,28
2023,06,바레인,24
2023,06,바베이도스,9
2023,06,바하마,5
2023,06,방글라데시,24627
2023,06,베냉,23
2023,06,베네수엘라,259
2023,06,베트남,263289
2023,06,벨기에,820
2023,06,벨라루스,427
2023,06,벨리즈,6
2023,06,보스니아-헤르체고비나,14
2023,06,보츠와나,29
2023,06,볼리비아,104
2023,06,부룬디,278
2023,06,부르키나파소,57
2023,06,부탄,58
2023,06,북마케도니아,17
2023,06,불가리아,221
2023,06,브라질,2430
2023,06,브루나이,152
2023,06,사모아,7
2023,06,사우디아라비아,1543
2023,06,산마리노,2
2023,06,상투메프린시페,3
2023,06,세네갈,342
2023,06,세르비아,128
2023,06,세르비아몬테네그로,1
2023,06,세이셸,4
2023,06,세인트루시아,9
2023,06,세인트빈센트그레나딘,1
2023,06,세인트크리스토퍼네비스,42
2023,06,소말리아,32
2023,06,솔로몬군도,11
2023,06,수단,342
2023,06,수리남,5
2023,06,스리랑카,27656
2023,06,스발바르,1
2023,06,스웨덴,1464
2023,06,스위스,936
2023,06,스페인,1988
2023,06,슬로바크,149
2023,06,슬로베니아,120
2023,06,시리아,1763
2023,06,시에라리온,103
2023,06,싱가포르,6755
2023,06,아랍에미리트연합,925
2023,06,아르메니아,87
2023,06,아르헨티나,580
2023,06,아이슬란드,45
2023,06,아이티,197
2023,06,아일랜드,888
2023,06,아제르바이잔,377
2023,06,아프가니스탄,914
2023,06,안도라,1
2023,06,알바니아,66
2023,06,알제리,494
2023,06,앙골라,154
2023,06,앤티카바부다,2
2023,06,에리트레아,14
2023,06,에스와티니,14
2023,06,에스토니아,82
2023,06,에콰도르,357
2023,06,에티오피아,1288
2023,06,엘살바도르,85
2023,06,영국,8907
2023,06,영국외지민,168
2023,06,영국외지시민,1
2023,06,영국해외영토시민,1
2023,06,예멘공화국,1176
2023,06,오만,62
2023,06,오스트레일리아,12985
2023,06,오스트리아,556
2023,06,온두라스,88
2023,06,요르단,650
2023,06,우간다,625
2023,06,우루과이,69
2023,06,우즈베키스탄,83778
2023,06,우크라이나,5314
2023,06,유고슬라비아,1
2023,06,이라크,639
2023,06,이란,2042
2023,06,이스라엘,476
2023,06,이집트,2910
2023,06,이탈리아,1964
2023,06,인도,15641
2023,06,인도네시아,53730
2023,06,일본,47617
2023,06,자메이카,56
2023,06,자이르,7
2023,06,잠비아,128
2023,06,적도기니,12
2023,06,조지아,143
2023,06,중국,281445
2023,06,중앙아프리카공화국,18
2023,06,지부티,4
2023,06,짐바브웨,141
2023,06,차드,11
2023,06,체코,424
2023,06,칠레,453
2023,06,카메룬,849
2023,06,카보베르데,1
2023,06,카자흐스탄,44115
2023,06,카타르,114
2023,06,캄보디아,52566
2023,06,캐나다,28864
2023,06,케냐,616
2023,06,코모로,6
2023,06,코소보,9
2023,06,코스타리카,157
2023,06,코트디부아르,304
2023,06,콜롬비아,840
2023,06,콩고,36
2023,06,콩고민주공화국,326
2023,06,쿠바,42
2023,06,쿠웨이트,163
2023,06,크로아티아,145
2023,06,키르기즈,9575
2023,06,키리바시,4
2023,06,키프로스,43
2023,06,태국,202904
2023,06,타이완,33776
2023,06,타지키스탄,2408
2023,06,탄자니아,470
2023,06,토고,46
2023,06,통가,20
2023,06,투르크메니스탄,801
2023,06,투발루,2
2023,06,튀니지,600
2023,06,튀르키예,4410
2023,06,트리니다드토바고,35
2023,06,티모르민주공화국,3748
2023,06,파나마,103
2023,06,파라과이,251
2023,06,파키스탄,15441
2023,06,파푸아뉴기니,20
2023,06,팔라우,15
2023,06,팔레스타인,94
2023,06,페루,972
2023,06,포르투갈,386
2023,06,폴란드,1133
2023,06,프랑스,8688
2023,06,피지,105
2023,06,핀란드,507
2023,06,필리핀,62229
2023,06,한국계중국인,614917
2023,06,헝가리,354
2023,06,홍콩,8281
2023,06,홍콩거주난민,16
2023,07,가나,1533
2023,07,가봉,98
2023,07,가이아나,23
2023,07,감비아,143
2023,07,과테말라,163
2023,07,교황청,1
2023,07,국적불명,51
2023,07,국제연합,66
2023,07,국제연합 전문기구,7
2023,07,그레나다,9
2023,07,그리스,337
2023,07,기니,269
2023,07,기니비사우,16
2023,07,나미비아,34
2023,07,나우루,5
2023,07,나이지리아,2927
2023,07,남수단공화국,36
2023,07,남아프리카공화국,4323
2023,07,네덜란드,4181
2023,07,네팔,58270
2023,07,노르웨이,1233
2023,07,뉴질랜드,4398
2023,07,니제르,11
2023,07,니카라과,64
2023,07,덴마크,1089
2023,07,도미니카공화국,118
2023,07,도미니카연방,28
2023,07,독일,8688
2023,07,라오스,4684
2023,07,라이베리아,541
2023,07,라트비아,120
2023,07,러시아(연방),66294
2023,07,레바논,76
2023,07,레소토,17
2023,07,루마니아,555
2023,07,룩셈부르크,115
2023,07,르완다,442
2023,07,리비아,974
2023,07,리투아니아,192
2023,07,리히텐슈타인,72
2023,07,마다가스카르,57
2023,07,마샬군도,26
2023,07,마카오,830
2023,07,말라위,64
2023,07,말레이시아,8376
2023,07,말리,267
2023,07,멕시코,2155
2023,07,모나코,3
2023,07,모로코,1822
2023,07,모리셔스,72
2023,07,모리타니,14
2023,07,모잠비크,63
2023,07,몬테네그로,30
2023,07,몰도바,73
2023,07,몰디브,233
2023,07,몰타,103
2023,07,몽골,55956
2023,07,무국적,177
2023,07,미국,172664
2023,07,미얀마,37288
2023,07,미이크로네시아,14
2023,07,바누아투,29
2023,07,바레인,41
2023,07,바베이도스,8
2023,07,바하마,5
2023,07,방글라데시,25439
2023,07,베냉,33
2023,07,베네수엘라,279
2023,07,베트남,264870
2023,07,벨기에,2110
2023,07,벨라루스,416
2023,07,벨리즈,22
2023,07,보스니아-헤르체고비나,12
2023,07,보츠와나,23
2023,07,볼리비아,156
2023,07,부룬디,298
2023,07,부르키나파소,63
2023,07,부탄,52
2023,07,북마케도니아,60
2023,07,불가리아,214
2023,07,브라질,3367
2023,07,브루나이,194
2023,07,사모아,6
2023,07,사우디아라비아,1528
2023,07,산마리노,15
2023,07,상투메프린시페,11
2023,07,세네갈,349
2023,07,세르비아,127
2023,07,세르비아몬테네그로,1
2023,07,세이셸,4
2023,07,세인트루시아,7
2023,07,세인트빈센트그레나딘,14
2023,07,세인트크리스토퍼네비스,29
2023,07,소말리아,36
2023,07,솔로몬군도,12
2023,07,수단,341
2023,07,수리남,8
2023,07,스리랑카,27867
2023,07,스발바르,1
2023,07,스웨덴,3123
2023,07,스위스,2591
2023,07,스페인,2567
2023,07,슬로바크,238
2023,07,슬로베니아,410
2023,07,시리아,1791
2023,07,시에라리온,105
2023,07,싱가포르,3467
2023,07,아랍에미리트연합,1033
2023,07,아르메니아,103
2023,07,아르헨티나,650
2023,07,아이슬란드,172
2023,07,아이티,204
2023,07,아일랜드,1111
2023,07,아제르바이잔,538
2023,07,아프가니스탄,927
2023,07,안도라,2
2023,07,알바니아,61
2023,07,알제리,512
2023,07,앙골라,229
2023,07,앤티카바부다,10
2023,07,에리트레아,14
2023,07,에스와티니,13
2023,07,에스토니아,112
2023,07,에콰도르,633
2023,07,에티오피아,1323
2023,07,엘살바도르,123
2023,07,영국,13509
2023,07,영국외지민,164
2023,07,영국외지시민,1
2023,07,영국해외영토시민,1
2023,07,예멘공화국,1170
2023,07,오만,113
2023,07,오스트레일리아,11829
2023,07,오스트리아,1146
2023,07,온두라스,112
2023,07,요르단,682
2023,07,우간다,651
2023,07,우루과이,83
2023,07,우즈베키스탄,84875
2023,07,우크라이나,5347
2023,07,유고슬라비아,1
2023,07,이라크,633
2023,07,이란,2033
2023,07,이스라엘,473
2023,07,이집트,3034
2023,07,이탈리아,2367
2023,07,인도,15743
2023,07,인도네시아,52692
2023,07,일본,46389
2023,07,자메이카,61
2023,07,자이르,7
2023,07,잠비아,120
2023,07,적도기니,12
2023,07,조지아,137
2023,07,중국,303334
2023,07,중앙아프리카공화국,18
2023,07,지부티,4
2023,07,짐바브웨,139
2023,07,차드,21
2023,07,체코,594
2023,07,칠레,1455
2023,07,카메룬,866
2023,07,카보베르데,11
2023,07,카자흐스탄,45055
2023,07,카타르,166
2023,07,캄보디아,53664
2023,07,캐나다,30088
2023,07,케냐,621
2023,07,코모로,8
2023,07,코소보,7
2023,07,코스타리카,129
2023,07,코트디부아르,310
2023,07,콜롬비아,964
2023,07,콩고,45
2023,07,콩고민주공화국,338
2023,07,쿠바,48
2023,07,쿠웨이트,151
2023,07,크로아티아,149
2023,07,키르기즈,9766
2023,07,키리바시,2
2023,07,키프로스,66
2023,07,태국,202726
2023,07,타이완,32806
2023,07,타지키스탄,2356
2023,07,탄자니아,484
2023,07,토고,54
2023,07,통가,8
2023,07,투르크메니스탄,844
2023,07,투발루,1
2023,07,튀니지,691
2023,07,튀르키예,4064
2023,07,트리니다드토바고,60
2023,07,티모르민주공화국,3863
2023,07,파나마,158
2023,07,파라과이,299
2023,07,파키스탄,15521
2023,07,파푸아뉴기니,29
2023,07,팔라우,10
2023,07,팔레스타인,102
2023,07,페루,1083
2023,07,포르투갈,939
2023,07,폴란드,1610
2023,07,프랑스,9740
2023,07,피지,95
2023,07,핀란드,1236
2023,07,필리핀,61381
2023,07,한국계중국인,618886
2023,07,헝가리,511
2023,07,홍콩,9996
2023,07,홍콩거주난민,16
2023,08,가나,1544
2023,08,가봉,100
2023,08,가이아나,15
2023,08,감비아,133
2023,08,과테말라,155
2023,08,교황청,1
2023,08,국적불명,50
2023,08,국제연합,78
2023,08,국제연합 전문기구,29
2023,08,그레나다,4
2023,08,그리스,338
2023,08,기니,270
2023,08,기니비사우,16
2023,08,나미비아,5
2023,08,나우루,6
2023,08,나이지리아,2920
2023,08,남수단공화국,34
2023,08,남아프리카공화국,4271
2023,08,네덜란드,2106
2023,08,네팔,60693
2023,08,노르웨이,599
2023,08,뉴질랜드,4515
2023,08,니제르,9
2023,08,니카라과,59
2023,08,덴마크,739
2023,08,도미니카공화국,126
2023,08,도미니카연방,31
2023,08,독일,8928
2023,08,라오스,4819
2023,08,라이베리아,560
2023,08,라트비아,129
2023,08,러시아(연방),66000
2023,08,레바논,62
2023,08,레소토,19
2023,08,루마니아,533
2023,08,룩셈부르크,102
2023,08,르완다,460
2023,08,리비아,949
2023,08,리투아니아,246
2023,08,리히텐슈타인,4
2023,08,마다가스카르,54
2023,08,마샬군도,29
2023,08,마카오,470
2023,08,말라위,65
2023,08,말레이시아,11821
2023,08,말리,270
2023,08,멕시코,1653
2023,08,모나코,4
2023,08,모로코,1867
2023,08,모리셔스,34
2023,08,모리타니,15
2023,08,모잠비크,55
2023,08,몬테네그로,12
2023,08,몰도바,77
2023,08,몰디브,7
2023,08,몰타,25
2023,08,몽골,53070
2023,08,무국적,173
2023,08,미국,166231
2023,08,미얀마,38804
2023,08,미이크로네시아,17
2023,08,바누아투,37
2023,08,바레인,29
2023,08,바베이도스,11
2023,08,바하마,5
2023,08,방글라데시,25301
2023,08,베냉,25
2023,08,베네수엘라,243
2023,08,베트남,270704
2023,08,벨기에,949
2023,08,벨라루스,411
2023,08,벨리즈,11
2023,08,보스니아-헤르체고비나,12
2023,08,보츠와나,30
2023,08,볼리비아,122
2023,08,부룬디,335
2023,08,부르키나파소,61
2023,08,부탄,60
2023,08,북마케도니아,14
2023,08,불가리아,234
2023,08,브라질,2520
2023,08,브루나이,278
2023,08,사모아,8
2023,08,사우디아라비아,1054
2023,08,산마리노,2
2023,08,상투메프린시페,2
2023,08,세네갈,354
2023,08,세르비아,109
2023,08,세르비아몬테네그로,1
2023,08,세이셸,2
2023,08,세인트루시아,4
2023,08,세인트빈센트그레나딘,1
2023,08,세인트크리스토퍼네비스,45
2023,08,소말리아,35
2023,08,솔로몬군도,13
2023,08,수단,342
2023,08,수리남,7
2023,08,스리랑카,28149
2023,08,스발바르,1
2023,08,스웨덴,1179
2023,08,스위스,1134
2023,08,스페인,2684
2023,08,슬로바크,192
2023,08,슬로베니아,102
2023,08,시리아,1818
2023,08,시에라리온,107
2023,08,싱가포르,4643
2023,08,아랍에미리트연합,785
2023,08,아르메니아,90
2023,08,아르헨티나,586
2023,08,아이슬란드,33
2023,08,아이티,192
2023,08,아일랜드,840
2023,08,아제르바이잔,442
2023,08,아프가니스탄,923
2023,08,안도라,1
2023,08,알바니아,79
2023,08,알제리,492
2023,08,앙골라,156
2023,08,앤티카바부다,5
2023,08,에리트레아,14
2023,08,에스와티니,17
2023,08,에스토니아,89
2023,08,에콰도르,390
2023,08,에티오피아,1357
2023,08,엘살바도르,79
2023,08,영국,9142
2023,08,영국외지민,174
2023,08,영국외지시민,2
2023,08,영국해외영토시민,2
2023,08,예멘공화국,1190
2023,08,오만,83
2023,08,오스트레일리아,12191
2023,08,오스트리아,852
2023,08,온두라스,85
2023,08,요르단,631
2023,08,우간다,715
2023,08,우루과이,64
2023,08,우즈베키스탄,84992
2023,08,우크라이나,5293
2023,08,유고슬라비아,1
2023,08,이라크,688
2023,08,이란,2081
2023,08,이스라엘,609
2023,08,이집트,2975
2023,08,이탈리아,2676
2023,08,인도,16225
2023,08,인도네시아,54808
2023,08,일본,51133
2023,08,자메이카,55
2023,08,자이르,7
2023,08,잠비아,128
2023,08,적도기니,14
2023,08,조지아,145
2023,08,중국,295041
2023,08,중앙아프리카공화국,18
2023,08,지부티,4
2023,08,짐바브웨,145
2023,08,차드,11
2023,08,체코,468
2023,08,칠레,501
2023,08,카메룬,871
2023,08,카보베르데,1
2023,08,카자흐스탄,45080
2023,08,카타르,82
2023,08,캄보디아,54448
2023,08,캐나다,27892
2023,08,케냐,647
2023,08,코모로,6
2023,08,코소보,10
2023,08,코스타리카,132
2023,08,코트디부아르,302
2023,08,콜롬비아,795
2023,08,콩고,43
2023,08,콩고민주공화국,333
2023,08,쿠바,56
2023,08,쿠웨이트,204
2023,08,크로아티아,150
2023,08,키르기즈,10076
2023,08,키리바시,3
2023,08,키프로스,44
2023,08,타이,200491
2023,08,타이완,31932
2023,08,타지키스탄,2242
2023,08,탄자니아,521
2023,08,토고,45
2023,08,통가,6
2023,08,투르크메니스탄,855
2023,08,튀니지,635
2023,08,튀르키예,4257
2023,08,트리니다드토바고,36
2023,08,티모르민주공화국,3950
2023,08,파나마,114
2023,08,파라과이,251
2023,08,파키스탄,15748
2023,08,파푸아뉴기니,19
2023,08,팔라우,15
2023,08,팔레스타인,102
2023,08,페루,990
2023,08,포르투갈,422
2023,08,폴란드,1475
2023,08,프랑스,10352
2023,08,피지,121
2023,08,핀란드,536
2023,08,필리핀,61841
2023,08,한국계중국인,617656
2023,08,헝가리,449
2023,08,홍콩,7557
2023,08,홍콩거주난민,16
